"",,Account Statement
AAYUSH KUMAR GUPTA
2 nd floor survey no 20 7,,,,Cust. Reln. No.,836844778
Swamy legato,,,,Account No.,3649610333
Kadubisanahalli,,,,Period,From 01/04/2024 To 31/03/2025
Bengaluru,,,,Currency,INR
Karnataka,,,,Branch,Bangalore - Bellandur
India,,,,Nomination Regd,N
560103,,,,Nominee Name,
"",,,,Joint Holder(S),
"",,,,IFSC,KKBK0008122
"",,,,MICR,560485104
""
Sl. No.,Transaction Date,Value Date,Description,Chq / Ref No.,Amount,Dr / Cr,Balance,Dr / Cr
1,02-04-2024,02-04-2024,UPI/AAYUSH KUMAR GU/409308961216/MB UPI,UPI-409309998911,"32,394.22",DR,"27,327.79",CR
2,02-04-2024,02-04-2024,UPI/AAYUSH KUMAR GU/409319949339/MB UPI,UPI-409337383180,"5,000.00",DR,"22,327.79",CR
3,04-04-2024,04-04-2024,UPI/AAYUSH KUMAR GU/409518581802/MB UPI,UPI-409528776615,"2,000.00",DR,"20,327.79",CR
4,07-04-2024,07-04-2024,UPI/AAYUSH KUMAR GU/409860235500/UPI,UPI-409862899692,"1,000.00",DR,"19,327.79",CR
5,08-04-2024,08-04-2024,UPI/Setu BrokenTusk/409900283744/Account Verific,UPI-409982397887,1.00,DR,"19,326.79",CR
6,09-04-2024,09-04-2024,UPI/AAYUSH KUMAR GU/410013514219/UPI,UPI-410032312885,"2,000.00",DR,"17,326.79",CR
7,10-04-2024,10-04-2024,UPI_CRADJ_U2_TDT_080424_409900283744_10APR2024_7C,FOS2410116195698,1.00,CR,"17,327.79",CR
8,12-04-2024,12-04-2024,UPI/Zerodha Broking/410380501907/448310154506035,UPI-410368028369,"10,000.00",DR,"7,327.79",CR
9,12-04-2024,12-04-2024,REV-UPI/Zerodha Broki/410380501907/,UPI-410368028369,"10,000.00",CR,"17,327.79",CR
10,12-04-2024,12-04-2024,Recd:IMPS/410309449048/ZERODHA BR/KKBK/X3413/IMPS,IMPS-410309546274,1.00,CR,"17,328.79",CR
11,12-04-2024,12-04-2024,UPI/Zerodha/410384058067/141141334036312,UPI-410370728449,"1,000.00",DR,"16,328.79",CR
12,12-04-2024,12-04-2024,UPI/CHINNA SWAMY  R/410353464865/UPI,UPI-410383081066,106.00,DR,"16,222.79",CR
13,13-04-2024,13-04-2024,UPI/AAYUSH KUMAR GU/410480092425/ADDMONEY,UPI-410407404025,15.00,DR,"16,207.79",CR
14,13-04-2024,13-04-2024,UPI/RAHUL AGARWAL/447012952315/UPI,UPI-410446243187,10.00,CR,"16,217.79",CR
15,14-04-2024,14-04-2024,UPI/Nagaraj  A/410511624982/UPI,UPI-410586296463,100.00,DR,"16,117.79",CR
16,14-04-2024,14-04-2024,UPI/KOMMURI JAGADIS/410512463371/UPI,UPI-410587186901,480.00,DR,"15,637.79",CR
17,15-04-2024,15-04-2024,UPI/ARCHIT GUPTA/410634004305/UPI,UPI-410699436335,400.00,CR,"16,037.79",CR
18,15-04-2024,15-04-2024,PG INDIAN CLEARING CORP,KPG-0207961683,"5,000.00",DR,"11,037.79",CR
19,16-04-2024,16-04-2024,UPI/ARCHIT GUPTA/410737012268/Paid via CRED a,UPI-410727177563,1.00,DR,"11,036.79",CR
20,16-04-2024,16-04-2024,UPI/ARCHIT GUPTA/410743282961/Paid via CRED a,UPI-410727196834,1.00,DR,"11,035.79",CR
21,16-04-2024,16-04-2024,UPI/ARCHIT GUPTA/447379909052/Paid via CRED a,UPI-410727209428,1.00,DR,"11,034.79",CR
22,16-04-2024,16-04-2024,UPI/MYNTRA DESIGNS /447367977121/UPIIntent,UPI-410727263456,"1,132.00",DR,"9,902.79",CR
23,16-04-2024,16-04-2024,UPI/AAYUSH KUMAR GU/410798005765/ADDMONEY,UPI-410727472476,"2,000.00",DR,"7,902.79",CR
24,16-04-2024,16-04-2024,UPI/Aditya Birla So/447341452275/Paid via CRED,UPI-410730517405,50.00,DR,"7,852.79",CR
25,16-04-2024,16-04-2024,UPI/PRASAD SHETTY/410746487309/UPI,UPI-410753505013,80.00,DR,"7,772.79",CR
26,16-04-2024,16-04-2024,Recd:IMPS/410720539655/FLIPKART I/KKBK/X1838/FT240,IMPS-410720299410,804.00,CR,"8,576.79",CR
27,17-04-2024,17-04-2024,UPI/Axis/410847142015/payment on CRED,UPI-410880607489,961.00,DR,"7,615.79",CR
28,17-04-2024,17-04-2024,UPI/NAANCHA HOSPITA/447416230941/Paid via CRED,UPI-410881614463,261.00,DR,"7,354.79",CR
29,17-04-2024,17-04-2024,UPI/SHIV NARAYAN YA/447451408669/Paid via CRED,UPI-410881819043,20.00,DR,"7,334.79",CR
30,17-04-2024,17-04-2024,UPI/SANSAR CENTRE/410871423165/Paid via CRED,UPI-410800710200,70.00,DR,"7,264.79",CR
31,21-04-2024,21-04-2024,UPI/Axis/447838732796/payment on CRED,UPI-411232483945,914.00,DR,"6,350.79",CR
32,21-04-2024,21-04-2024,MB:PAID CARD NUMBER XX3381,VPI-998702255557,736.90,DR,"5,613.89",CR
33,21-04-2024,21-04-2024,UPI/Lakshmi Prasad /447867321154/Paid via CRED,UPI-411255184961,91.00,DR,"5,522.89",CR
34,22-04-2024,22-04-2024,UPI/SUBRAT  TRIPATH/411356883255/UPI,UPI-411386562484,100.00,DR,"5,422.89",CR
35,25-04-2024,25-04-2024,UPI/TIBIL COMPUTER /448213133723/UPI,UPI-411615852629,50.00,DR,"5,372.89",CR
36,25-04-2024,25-04-2024,UPI/Google Play Sto/411674555803/MandateExecute,UPI-411633654884,199.00,DR,"5,173.89",CR
37,27-04-2024,27-04-2024,UPI/PRASAD SHETTY/411810615819/UPI,UPI-411805909220,75.00,DR,"5,098.89",CR
38,29-04-2024,29-04-2024,SALARYTRANS,FCM-240429A2GACP,"67,921.00",CR,"73,019.89",CR
39,30-04-2024,30-04-2024,UPI/AAYUSH KUMAR GU/412101194543/MB UPI,UPI-412197377352,"35,000.00",DR,"38,019.89",CR
40,30-04-2024,30-04-2024,UPI/HAKEEM HADI MAQ/412140848489/UPI,UPI-412108919181,10.00,CR,"38,029.89",CR
41,30-04-2024,30-04-2024,UPI/AJAY/412114749591/UPI,UPI-412123016398,30.00,DR,"37,999.89",CR
42,30-04-2024,30-04-2024,UPI/DIGVIJAY/412125769450/Pay to BharatPe,UPI-412123252947,40.00,DR,"37,959.89",CR
43,05-05-2024,05-05-2024,UPI/NELABALLI PRADE/412652501217/PG fees,UPI-412645792069,"15,000.00",DR,"22,959.89",CR
44,05-05-2024,05-05-2024,UPI/Axis/449260771925/payment on CRED,UPI-412648626420,"14,728.00",DR,"8,231.89",CR
45,06-05-2024,06-05-2024,UPI/SUBRAT  TRIPATH/412789253690/UPI,UPI-412781466883,190.00,DR,"8,041.89",CR
46,07-05-2024,07-05-2024,UPI/Mr ANANDA M/412842830199/UPI,UPI-412830330650,80.00,DR,"7,961.89",CR
47,08-05-2024,08-05-2024,UPI/IRCTC CF/412954399010/IRCTC TICKET BO,UPI-412963218264,102.25,DR,"7,859.64",CR
48,09-05-2024,09-05-2024,UPI/MYNTRA DESIGNS /413012109533/Upi Transaction,UPI-413010847018,"1,552.00",DR,"6,307.64",CR
49,09-05-2024,09-05-2024,UPI/MYNTRA DESIGNS /413013204545/Upi Transaction,UPI-413013382380,586.00,DR,"5,721.64",CR
50,09-05-2024,09-05-2024,UPI/DIGVATSA B PRAS/413037819772/Fig n Honey,UPI-413013492964,80.00,CR,"5,801.64",CR
51,09-05-2024,09-05-2024,UPI/FASHNEAR TECHNO/413022739497/Upi Transaction,UPI-413038591255,499.00,DR,"5,302.64",CR
52,09-05-2024,09-05-2024,UPI/RAHUL AGARWAL/413054534680/UPI,UPI-413038982848,140.00,DR,"5,162.64",CR
53,10-05-2024,10-05-2024,UPI/MYNTRA DESIGNS /413104841243/Refund for UPI,UPI-413143346628,586.00,CR,"5,748.64",CR
54,10-05-2024,10-05-2024,UPI/TIBIL COMPUTER /449713898460/UPI,UPI-413172776579,50.00,DR,"5,698.64",CR
55,12-05-2024,12-05-2024,UPI/Pratiksha  Sukl/413341681020/UPI,UPI-413345628051,71.00,DR,"5,627.64",CR
56,12-05-2024,12-05-2024,UPI/RAJASTHAN SWEET/413380778188/Pay to BharatPe,UPI-413351348923,20.00,DR,"5,607.64",CR
57,13-05-2024,13-05-2024,UPI/RAJASTHAN SWEET/413435241644/Pay to BharatPe,UPI-413498128688,25.00,DR,"5,582.64",CR
58,14-05-2024,14-05-2024,UPI/AJAY/413501873334/UPI,UPI-413539817150,30.00,DR,"5,552.64",CR
59,15-05-2024,15-05-2024,UPI/MOHD HASHIM/450243483393/Pay to BharatPe,UPI-413683896062,160.00,DR,"5,392.64",CR
60,16-05-2024,16-05-2024,UPI/FASHNEAR TECHNO/413713392397/Refund for UPI,UPI-413713144750,499.00,CR,"5,891.64",CR
61,16-05-2024,16-05-2024,UPI/DIGVATSA B PRAS/450353592087/Spanish Delight,UPI-413733274462,70.00,CR,"5,961.64",CR
62,17-05-2024,17-05-2024,UPI/AAYUSH KUMAR GU/413856144623/Self transfer,UPI-413850836402,180.00,CR,"6,141.64",CR
63,17-05-2024,17-05-2024,UPI/AAYUSH KUMAR GU/413856342655/Self transfer,UPI-413852012337,1.00,CR,"6,142.64",CR
64,17-05-2024,17-05-2024,UPI/AAYUSH KUMAR GU/413859249444/Self transfer,UPI-413871782795,"1,000.00",CR,"7,142.64",CR
65,20-05-2024,20-05-2024,UPI/ANANDA  M/414156843995/UPI,UPI-414187100779,35.00,DR,"7,107.64",CR
66,21-05-2024,21-05-2024,UPI/MADHAMSETTY SAI/414290962755/UPI,UPI-414218811210,240.00,DR,"6,867.64",CR
67,21-05-2024,21-05-2024,Recd:IMPS/414213288543/Jupiter/KKBK/X8710/Penny,IMPS-414213451960,1.00,CR,"6,868.64",CR
68,22-05-2024,22-05-2024,UPI/Axis/414318591881/payment on CRED,UPI-414354582413,253.00,DR,"6,615.64",CR
69,24-05-2024,24-05-2024,UPI/TIBIL COMPUTER /451100723823/Paid via CRED,UPI-414557456954,50.00,DR,"6,565.64",CR
70,24-05-2024,24-05-2024,UPI/KANTHARAJU/414559692109/UPI,UPI-414560162003,86.00,DR,"6,479.64",CR
71,25-05-2024,25-05-2024,UPI/Komal  Kumari/451267616384/UPI,UPI-414670364266,5.00,DR,"6,474.64",CR
72,27-05-2024,27-05-2024,UPI/RAHUL AGARWAL/414855624067/UPI,UPI-414863182190,135.00,DR,"6,339.64",CR
73,29-05-2024,29-05-2024,PG INDIAN CLEARING CORP,KPG-0210367493,"5,000.00",DR,"1,339.64",CR
74,30-05-2024,30-05-2024,UPI/SHRADDHA K HEGD/415101008971/UPI,UPI-415194274131,450.00,DR,889.64,CR
75,30-05-2024,30-05-2024,SALARYTRANS,FCM-240530AO2J65,"67,921.00",CR,"68,810.64",CR
76,30-05-2024,30-05-2024,UPI/RAHUL AGARWAL/415106674021/UPI,UPI-415198862773,70.00,DR,"68,740.64",CR
77,30-05-2024,30-05-2024,UPI/NELABALLI PRADE/415110471261/Rent June 2024,UPI-415102219635,"15,000.00",DR,"53,740.64",CR
78,30-05-2024,30-05-2024,UPI/DIGVIJAY/415148486279/Pay to BharatPe,UPI-415104493020,30.00,DR,"53,710.64",CR
79,30-05-2024,30-05-2024,ATL/4395/504433/+OUTER RING ROADBENGAL300524/22:26,415122003095,"3,000.00",DR,"50,710.64",CR
80,30-05-2024,30-05-2024,UPI/M BHOOPAL/415186393331/UPI,UPI-415109283089,280.00,DR,"50,430.64",CR
81,31-05-2024,31-05-2024,UPI/ANANDA PAVABA D/415227527561/UPI,UPI-415219357268,15.00,DR,"50,415.64",CR
82,01-06-2024,01-06-2024,UPI/MANGAL BABAN CH/415308665779/UPI,UPI-415371787163,60.00,DR,"50,355.64",CR
83,02-06-2024,02-06-2024,UPI/HOTEL KRISHNA R/415435780407/hotel booking,UPI-415420220440,500.00,DR,"49,855.64",CR
84,02-06-2024,02-06-2024,UPI/HOTEL KRISHNA R/415453362758/hotel booking,UPI-415436002435,"1,300.00",DR,"48,555.64",CR
85,03-06-2024,03-06-2024,UPI/ANIL KUMAR BHAW/415599585093/UPI,UPI-415574615483,40.00,DR,"48,515.64",CR
86,03-06-2024,03-06-2024,REV-UPI/ANIL KUMAR BH/415599585093/,UPI-415574615483,40.00,CR,"48,555.64",CR
87,04-06-2024,04-06-2024,UPI/Axis/415600362923/payment on CRED,UPI-415686691395,"6,931.19",DR,"41,624.45",CR
88,04-06-2024,04-06-2024,NEFT FDRLH24156013040 CURRENT ACCOUNT GENERAL FDR,NEFTINW-0872796286,4.00,CR,"41,628.45",CR
89,09-06-2024,09-06-2024,UPI/IRCTC CF/416156140207/IRCTC TICKET BO,UPI-416111378415,142.25,DR,"41,486.20",CR
90,10-06-2024,10-06-2024,NACH-MUT-DR-INDIAN CLEARING CORP-P33751105X081016,NACHDR10062400228046,"5,000.00",DR,"36,486.20",CR
91,12-06-2024,12-06-2024,UPI/AAYUSH KUMAR GU/416418674665/UPI,UPI-416439248587,1.00,CR,"36,487.20",CR
92,12-06-2024,12-06-2024,UPI/AAYUSH KUMAR GU/416418731041/UPI,UPI-416439277263,"30,000.00",CR,"66,487.20",CR
93,12-06-2024,12-06-2024,PG INDIAN CLEARING CORP,KPG-0211218541,"50,000.00",DR,"16,487.20",CR
94,15-06-2024,15-06-2024,UPI/MOHAMMAD ZUBAIR/416781769261/Paid via CRED a,UPI-416771814629,58.00,DR,"16,429.20",CR
95,17-06-2024,17-06-2024,UPI/NITHIN KUMARSBA/416977527955/Paid via CRED,UPI-416969215279,40.00,DR,"16,389.20",CR
96,17-06-2024,17-06-2024,UPI/MR SHIBASHIS AC/453567199695/UPI,UPI-416976597833,121.00,DR,"16,268.20",CR
97,18-06-2024,18-06-2024,UPI/PRASHANTAKUMAR /417051243536/Paid via CRED a,UPI-417015497229,76.00,DR,"16,192.20",CR
98,18-06-2024,18-06-2024,UPI/Mr Gollapalli S/417049039574/UPI,UPI-417027752869,97.00,DR,"16,095.20",CR
99,22-06-2024,22-06-2024,UPI/CRED TELECOM/417421161340/payment on CRED,UPI-417459024847,148.00,DR,"15,947.20",CR
100,22-06-2024,22-06-2024,UPI/MUHAMED FAIS/417486223766/Paid via CRED,UPI-417466400168,20.00,DR,"15,927.20",CR
101,23-06-2024,23-06-2024,UPI/Muktikanta Das/417569461334/Paid via CRED,UPI-417598510157,102.00,DR,"15,825.20",CR
102,25-06-2024,25-06-2024,UPI/RAJASTHAN SWEET/417759933152/Pay to BharatPe,UPI-417701074792,20.00,DR,"15,805.20",CR
103,25-06-2024,25-06-2024,UPI/DIGVIJAY/417760067319/Pay to BharatPe,UPI-417701182532,30.00,DR,"15,775.20",CR
104,26-06-2024,26-06-2024,UPI/RAJASTHAN SWEET/417805689554/Pay to BharatPe,UPI-417840142641,25.00,DR,"15,750.20",CR
105,27-06-2024,27-06-2024,SALARYTRANS,FCM-240627B9GRNI,"67,921.00",CR,"83,671.20",CR
106,27-06-2024,27-06-2024,UPI/DIGVIJAY/417945115673/Pay to BharatPe,UPI-417984821646,40.00,DR,"83,631.20",CR
107,28-06-2024,28-06-2024,UPI/magicpin/418076506325/UPIIntent,UPI-418012329783,475.00,DR,"83,156.20",CR
108,29-06-2024,29-06-2024,UPI/HARISH KUMARA G/418157819156/Paid via CRED,UPI-418173112365,74.00,DR,"83,082.20",CR
109,29-06-2024,29-06-2024,UPI/Meghana Foods M/418116124587/UPI,UPI-418175511041,950.00,DR,"82,132.20",CR
110,29-06-2024,29-06-2024,UPI/RAHUL AGARWAL/454729322324/UPI,UPI-418175935597,500.00,CR,"82,632.20",CR
111,29-06-2024,29-06-2024,UPI/RAHUL AGARWAL/454726714939/UPI,UPI-418175940837,27.00,CR,"82,659.20",CR
112,30-06-2024,30-06-2024,UPI/MOHD HASHIM/418202403918/Pay to BharatPe,UPI-418282976465,160.00,DR,"82,499.20",CR
113,30-06-2024,30-06-2024,UPI/RAJASTHAN SWEET/418205629025/Pay to BharatPe,UPI-418201111733,25.00,DR,"82,474.20",CR
114,01-07-2024,30-06-2024,Int.Pd:3649610333:01-04-2024 to 30-06-2024,,188.00,CR,"82,662.20",CR
115,02-07-2024,02-07-2024,UPI/ANANDA  M/418469528084/Paid via CRED,UPI-418483892255,30.00,DR,"82,632.20",CR
116,04-07-2024,04-07-2024,UPI/RAHUL AGARWAL/418612180032/Paid via CRED,UPI-418685779363,83.00,DR,"82,549.20",CR
117,04-07-2024,04-07-2024,UPI/DIGVIJAY/418680689217/Pay to BharatPe,UPI-418690674690,40.00,DR,"82,509.20",CR
118,05-07-2024,05-07-2024,UPI/CredClub/418706211660/cred,UPI-418704384375,"4,436.70",DR,"78,072.50",CR
119,06-07-2024,06-07-2024,UPI/ARCHITA GUPTA/418880948965/Paid via CRED,UPI-418856759006,"2,000.00",DR,"76,072.50",CR
120,07-07-2024,07-07-2024,ATL/4395/504433/+OUTER RING ROADBENGAL070724/17:54,418917009481,"10,000.00",DR,"66,072.50",CR
121,07-07-2024,07-07-2024,ATL/4395/504433/+OUTER RING ROADBENGAL070724/17:56,418917009482,"5,000.00",DR,"61,072.50",CR
122,10-07-2024,10-07-2024,NACH-MUT-DR-INDIAN CLEARING CORP-P33751105X081016,NACHDR10072400095205,"5,000.00",DR,"56,072.50",CR
123,10-07-2024,10-07-2024,PG FOR QUANT SMALL CAP INDIAN CLEARING CORP,KPG-0212793068,"10,000.00",DR,"46,072.50",CR
124,11-07-2024,11-07-2024,UPI/GoKhana/419308275349/UPIIntent,UPI-419383962965,50.00,DR,"46,022.50",CR
125,11-07-2024,11-07-2024,UPI/GoKhana/419365701710/UPIIntent,UPI-419385334696,250.00,DR,"45,772.50",CR
126,12-07-2024,12-07-2024,UPI/Zerodha Broking/419473803414/453164444066213,UPI-419416901604,"25,000.00",DR,"20,772.50",CR
127,12-07-2024,12-07-2024,UPI/MUHAMED FAIS/419459176295/Paid via CRED,UPI-419440227153,60.00,DR,"20,712.50",CR
128,13-07-2024,13-07-2024,UPI/RAJASTHAN SWEET/419545113990/Pay to BharatPe,UPI-419575903317,25.00,DR,"20,687.50",CR
129,13-07-2024,13-07-2024,UPI/NITHIN KUMARSBA/419552700761/Paid via CRED,UPI-419588206860,40.00,DR,"20,647.50",CR
130,14-07-2024,14-07-2024,UPI/ARCHIT GUPTA/419616944803/Paid via CRED a,UPI-419610774259,10.00,DR,"20,637.50",CR
131,14-07-2024,14-07-2024,UPI/ARCHIT GUPTA/419623151834/Paid via CRED a,UPI-419610870981,10.00,DR,"20,627.50",CR
132,14-07-2024,14-07-2024,UPI/AAYUSH KUMAR GU/419699887552/Paid via CRED,UPI-419610958371,10.00,DR,"20,617.50",CR
133,14-07-2024,14-07-2024,UPI/AAYUSH KUMAR GU/419685377480/Paid via CRED,UPI-419611045862,10.00,DR,"20,607.50",CR
134,14-07-2024,14-07-2024,UPI/RAJASTHAN SWEET/419622684681/Pay to BharatPe,UPI-419619686532,40.00,DR,"20,567.50",CR
135,14-07-2024,14-07-2024,UPI/ARCHIT GUPTA/419606654171/UPI,UPI-419628549557,20.00,CR,"20,587.50",CR
136,15-07-2024,15-07-2024,UPI/Miss. MEGHA  GU/419722361453/UPI,UPI-419782822265,100.00,DR,"20,487.50",CR
137,16-07-2024,16-07-2024,UPI/ANANDA  M/419858273714/Paid via CRED,UPI-419811593964,40.00,DR,"20,447.50",CR
138,17-07-2024,17-07-2024,UPI/RazorpayZomato/419968878148/PayviaRazorpay,UPI-419936735056,363.19,DR,"20,084.31",CR
139,18-07-2024,18-07-2024,UPI/Tobox Ventures /420035671914/UPIIntent,UPI-420079678037,80.00,DR,"20,004.31",CR
140,18-07-2024,18-07-2024,UPI/Tobox Ventures /420084338496/UPIIntent,UPI-420081090568,60.00,DR,"19,944.31",CR
141,19-07-2024,19-07-2024,UPI/JIBAN CHANDRA M/420188921518/Paid via CRED,UPI-420133326837,157.00,DR,"19,787.31",CR
142,20-07-2024,20-07-2024,UPI/ARIF/420226179989/Pay to BharatPe,UPI-420263914243,35.00,DR,"19,752.31",CR
143,20-07-2024,20-07-2024,UPI/SIKANDAR HADALA/420250977146/Paid via CRED,UPI-420273500775,20.00,DR,"19,732.31",CR
144,20-07-2024,20-07-2024,UPI/ANUJ AJAY MAHAJ/420234198664/Paid via CRED a,UPI-420276227240,500.00,DR,"19,232.31",CR
145,21-07-2024,21-07-2024,UPI/TIBIL COMPUTER /420392018281/Paid via CRED,UPI-420393276048,50.00,DR,"19,182.31",CR
146,21-07-2024,21-07-2024,UPI/DIGVIJAY/420328365428/Pay to BharatPe,UPI-420398728890,30.00,DR,"19,152.31",CR
147,21-07-2024,21-07-2024,UPI/RAJASTHAN SWEET/420394932096/Pay to BharatPe,UPI-420398842907,20.00,DR,"19,132.31",CR
148,22-07-2024,22-07-2024,UPI/Tobox Ventures /420426585555/UPIIntent,UPI-420444487019,100.00,DR,"19,032.31",CR
149,23-07-2024,23-07-2024,UPI/Tobox Ventures /420535184628/UPIIntent,UPI-420585958753,85.00,DR,"18,947.31",CR
150,23-07-2024,23-07-2024,UPI/Miss MEGHA  GUP/420523245923/UPI,UPI-420591277982,"3,000.00",CR,"21,947.31",CR
151,23-07-2024,23-07-2024,PG INDIAN CLEARING CORP,KPG-0213488251,"5,000.00",DR,"16,947.31",CR
152,23-07-2024,23-07-2024,PCD/4395/BLR DOMESTIC/BANGALORE230724/18:39,420513806447,2.00,DR,"16,945.31",CR
153,23-07-2024,23-07-2024,UPI/ANIL  KUMAR/420506960645/Paid via CRED,UPI-420511867490,100.00,DR,"16,845.31",CR
154,26-07-2024,26-07-2024,UPI/VIJENDRA  KUMAR/420887747647/UPI,UPI-420835372523,100.00,DR,"16,745.31",CR
155,27-07-2024,27-07-2024,UPI/Santosh Kumar M/420948381440/Paid via CRED,UPI-420937597184,58.00,DR,"16,687.31",CR
156,27-07-2024,27-07-2024,UPI/TSRTC iTIMs/420991915647/Paid via CRED,UPI-420966192180,250.00,DR,"16,437.31",CR
157,28-07-2024,28-07-2024,UPI/IRCTC CF/421045606102/IRCTC TICKET BO,UPI-421088682606,"2,068.60",DR,"14,368.71",CR
158,28-07-2024,28-07-2024,UPI/MEGHA GUPTA/421085344738/Paid via CRED,UPI-421016697766,10.00,CR,"14,378.71",CR
159,28-07-2024,28-07-2024,UPI/MEGHA GUPTA/421061705162/Paid via CRED,UPI-421016712492,10.00,DR,"14,368.71",CR
160,28-07-2024,28-07-2024,UPI/MEGHA GUPTA/421018343996/Paid via CRED a,UPI-421016737166,1.00,CR,"14,369.71",CR
161,28-07-2024,28-07-2024,UPI/MEGHA GUPTA/421074483824/Paid via CRED,UPI-421016749449,1.00,DR,"14,368.71",CR
162,29-07-2024,29-07-2024,UPI/ANANDA  M/421196640673/Paid via CRED,UPI-421132216651,35.00,DR,"14,333.71",CR
163,31-07-2024,31-07-2024,SALARYTRANS,FCM-240731BWHVWA,"67,921.00",CR,"82,254.71",CR
164,31-07-2024,31-07-2024,UPI/Hariram/421381432066/Paid via CRED,UPI-421334823501,30.00,DR,"82,224.71",CR
165,01-08-2024,01-08-2024,UPI/Tobox Ventures /421400240968/UPIIntent,UPI-421456873152,85.00,DR,"82,139.71",CR
166,02-08-2024,02-08-2024,UPI/MUHAMED FAIS/421574698538/Paid via CRED,UPI-421515964899,60.00,DR,"82,079.71",CR
167,03-08-2024,03-08-2024,UPI/ZAM ZAM FRUITS /421629868959/1756513A,UPI-421647114680,132.00,DR,"81,947.71",CR
168,03-08-2024,03-08-2024,UPI/Axis/421680177463/payment on CRED,UPI-421647170174,"7,764.15",DR,"74,183.56",CR
169,03-08-2024,03-08-2024,UPI/ANANDA  M/421683625144/Paid via CRED,UPI-421647798443,35.00,DR,"74,148.56",CR
170,04-08-2024,04-08-2024,UPI/JASTI  PRIYANKA/421728073276/UPI,UPI-421788604602,"15,000.00",DR,"59,148.56",CR
171,05-08-2024,05-08-2024,PG INVESTMENT INDIAN CLEARING CORP,KPG-0214210911,"10,000.00",DR,"49,148.56",CR
172,05-08-2024,05-08-2024,UPI/Tobox Ventures /421859734728/UPIIntent,UPI-421842006997,85.00,DR,"49,063.56",CR
173,06-08-2024,06-08-2024,UPI/Tobox Ventures /421979521305/UPIIntent,UPI-421987639502,100.00,DR,"48,963.56",CR
174,07-08-2024,07-08-2024,UPI/Zerodha Broking/422054592991/087815413818441,UPI-422022362594,"2,500.00",DR,"46,463.56",CR
175,07-08-2024,07-08-2024,UPI/Tobox Ventures /422020368872/UPIIntent,UPI-422031854494,145.00,DR,"46,318.56",CR
176,07-08-2024,07-08-2024,UPI/AVISHEK   BANER/422076575090/Paid via CRED a,UPI-422034679678,"1,000.00",DR,"45,318.56",CR
177,08-08-2024,08-08-2024,UPI/Tobox Ventures /422196912839/UPIIntent,UPI-422178504924,90.00,DR,"45,228.56",CR
178,08-08-2024,08-08-2024,UPI/UDAY KUMAR SHET/422177790950/Paid via CRED,UPI-422197007201,75.00,DR,"45,153.56",CR
179,08-08-2024,08-08-2024,UPI/DIGVIJAY/422140749343/Pay to BharatPe,UPI-422198106642,40.00,DR,"45,113.56",CR
180,09-08-2024,09-08-2024,UPI/Axis/422224402881/payment on CRED,UPI-422225981045,297.92,DR,"44,815.64",CR
181,11-08-2024,11-08-2024,UPI/MAHEBOOB  PATEL/422453256697/Paid via CRED,UPI-422420073483,604.00,DR,"44,211.64",CR
182,12-08-2024,12-08-2024,UPI/TUSHARKANTA  SI/422521938928/Paid via CRED,UPI-422544224718,147.00,DR,"44,064.64",CR
183,12-08-2024,12-08-2024,NACH-MUT-DR-INDIAN CLEARING CORP-P33751105X081016,NACHDR12082400405531,"5,000.00",DR,"39,064.64",CR
184,12-08-2024,12-08-2024,UPI/Tobox Ventures /422570395129/UPIIntent,UPI-422557823762,80.00,DR,"38,984.64",CR
185,13-08-2024,13-08-2024,UPI/Tobox Ventures /422681600865/UPIIntent,UPI-422602531840,85.00,DR,"38,899.64",CR
186,13-08-2024,13-08-2024,UPI/DIGVIJAY/422608742400/Pay to BharatPe,UPI-422620170372,30.00,DR,"38,869.64",CR
187,14-08-2024,14-08-2024,UPI/Tobox Ventures /422751361617/UPIIntent,UPI-422748581531,85.00,DR,"38,784.64",CR
188,14-08-2024,14-08-2024,UPI/BUTHAPPA KUSHAL/422737744502/Paid via CRED,UPI-422772488370,50.00,DR,"38,734.64",CR
189,14-08-2024,14-08-2024,UPI/SOMASHEKAR/422703659784/Paid via CRED,UPI-422778363874,323.00,DR,"38,411.64",CR
190,17-08-2024,17-08-2024,UPI/AKANSH AGRAWAL/423021843740/UPI,UPI-423086342010,250.00,DR,"38,161.64",CR
191,18-08-2024,18-08-2024,UPI/Sahukar chai/423101091934/Paid via CRED,UPI-423115757572,20.00,DR,"38,141.64",CR
192,19-08-2024,19-08-2024,UPI/Tobox Ventures /423276196270/UPIIntent,UPI-423271010912,90.00,DR,"38,051.64",CR
193,20-08-2024,20-08-2024,UPI/Aditya Birla So/423302145718/Paid via CRED,UPI-423304013842,50.00,DR,"38,001.64",CR
194,20-08-2024,20-08-2024,UPI/Tobox Ventures /423361266290/UPIIntent,UPI-423314189563,70.00,DR,"37,931.64",CR
195,21-08-2024,21-08-2024,UPI/Sahukar chai/423428275872/Paid via CRED,UPI-423456938469,20.00,DR,"37,911.64",CR
196,22-08-2024,22-08-2024,UPI/Tobox Ventures /423555882164/UPIIntent,UPI-423595992253,85.00,DR,"37,826.64",CR
197,22-08-2024,22-08-2024,UPI/IRCTC CF/423596582353/IRCTC TICKET BO,UPI-423506229653,849.05,DR,"36,977.59",CR
198,23-08-2024,23-08-2024,UPI/RAJASTHAN SWEET/423684893230/Pay to BharatPe,UPI-423645136187,15.00,DR,"36,962.59",CR
199,25-08-2024,25-08-2024,UPI/RAJASTHAN SWEET/423837889770/Pay to BharatPe,UPI-423831694045,20.00,DR,"36,942.59",CR
200,25-08-2024,25-08-2024,UPI/KISHLAY KUMAR/423871142364/Paid via CRED,UPI-423832144315,"2,200.00",DR,"34,742.59",CR
201,25-08-2024,25-08-2024,UPI/TAJASVI  KUMAR /423820852828/Paid via CRED,UPI-423832204199,400.00,DR,"34,342.59",CR
202,27-08-2024,27-08-2024,UPI/SHANTHARAMA/424072417824/Paid via CRED,UPI-424003163496,424.00,DR,"33,918.59",CR
203,29-08-2024,29-08-2024,UPI/Tobox Ventures /424256934951/UPIIntent,UPI-424285443572,85.00,DR,"33,833.59",CR
204,29-08-2024,29-08-2024,UPI/RAHULAGARWAL/460857670340/UPI,UPI-424201195557,130.00,CR,"33,963.59",CR
205,30-08-2024,30-08-2024,UPI/SAYYED ABDUL VA/424366603107/Paid via CRED a,UPI-424314920584,429.00,DR,"33,534.59",CR
206,30-08-2024,30-08-2024,SALARYTRANS,FCM-240830CEL0UH,"68,895.00",CR,"1,02,429.59",CR
207,31-08-2024,31-08-2024,UPI/Shankar Narayan/424466344137/Paid via CRED,UPI-424471551568,151.00,DR,"1,02,278.59",CR
208,02-09-2024,02-09-2024,UPI/KIRAN SHARAD RA/424631018048/Paid via CRED,UPI-424649460483,240.00,DR,"1,02,038.59",CR
209,02-09-2024,02-09-2024,UPI/KHANDU POPAT LA/424617064335/Pay To KHANDU P,UPI-424683904024,85.00,DR,"1,01,953.59",CR
210,02-09-2024,02-09-2024,UPI/GULSANAVVAR/424617726766/Paid via CRED,UPI-424695542170,339.00,DR,"1,01,614.59",CR
211,03-09-2024,03-09-2024,UPI/CRED/424761069593/payment on CRED,UPI-424798151629,"17,356.49",DR,"84,258.10",CR
212,03-09-2024,02-09-2024,ATW/4395/+Dom Ret - New West BIABangal030924/06:27,424700768541,"3,000.00",DR,"81,258.10",CR
213,03-09-2024,03-09-2024,UPI/Tobox Ventures /424793803652/UPIIntent,UPI-424711840712,90.00,DR,"81,168.10",CR
214,03-09-2024,03-09-2024,UPI/Impact Guru Fou/424790893231/Pay via Razorpa,UPI-424712932018,"2,250.00",DR,"78,918.10",CR
215,04-09-2024,04-09-2024,UPI/Sahukar chai/424839614767/Paid via CRED,UPI-424847881720,15.00,DR,"78,903.10",CR
216,04-09-2024,04-09-2024,UPI/ASGAR/424821459997/Pay to BharatPe,UPI-424873923952,170.00,DR,"78,733.10",CR
217,05-09-2024,05-09-2024,UPI/ALAPARTHI SHIVA/424991550963/UPI,UPI-424997406976,"15,000.00",DR,"63,733.10",CR
218,05-09-2024,05-09-2024,UPI/Tobox Ventures /424948512582/UPIIntent,UPI-424907575621,85.00,DR,"63,648.10",CR
219,06-09-2024,06-09-2024,UPI/Zerodha Broking/425090398402/675239509739279,UPI-425059508996,"6,000.00",DR,"57,648.10",CR
220,07-09-2024,07-09-2024,UPI/CHOLARAM  SIRVI/425154657651/Paid via CRED,UPI-425192411813,90.00,DR,"57,558.10",CR
221,07-09-2024,07-09-2024,UPI/KRISHNA GARMENT/425194187280/Paid via CRED,UPI-425192927347,90.00,DR,"57,468.10",CR
222,08-09-2024,08-09-2024,UPI/Sahukar chai/425241258344/Paid via CRED,UPI-425232885084,21.00,DR,"57,447.10",CR
223,08-09-2024,08-09-2024,UPI/M R DIGITAL STU/425234108355/Paid via CRED,UPI-425257245825,450.00,DR,"56,997.10",CR
224,09-09-2024,09-09-2024,UPI/Tobox Ventures /425380134638/UPIIntent,UPI-425391345941,85.00,DR,"56,912.10",CR
225,09-09-2024,09-09-2024,UPI/ANANDA  M/425313359275/Paid via CRED,UPI-425301394100,35.00,DR,"56,877.10",CR
226,10-09-2024,10-09-2024,NACH-MUT-DR-INDIAN CLEARING CORP-P33751105X081016,NACHDR10092400079038,"5,000.00",DR,"51,877.10",CR
227,10-09-2024,10-09-2024,UPI/Tobox Ventures /425414782071/UPIIntent,UPI-425437011916,85.00,DR,"51,792.10",CR
228,11-09-2024,11-09-2024,IB: ETAX TIN2 0033283854,GBM-0033283854,"4,000.00",DR,"47,792.10",CR
229,11-09-2024,11-09-2024,UPI/ANANDA  M/425525323372/Paid via CRED,UPI-425589157827,40.00,DR,"47,752.10",CR
230,12-09-2024,12-09-2024,UPI/Tobox Ventures /425603229088/UPIIntent,UPI-425629067209,85.00,DR,"47,667.10",CR
231,14-09-2024,14-09-2024,UPI/MeghanaFoods/425851299370/Paid via CRED,UPI-425820614676,383.00,DR,"47,284.10",CR
232,16-09-2024,16-09-2024,UPI/Tobox Ventures /426090246690/UPIIntent,UPI-426007829643,85.00,DR,"47,199.10",CR
233,16-09-2024,16-09-2024,UPI/Tobox Ventures /426019489150/UPIIntent,UPI-426009559304,70.00,DR,"47,129.10",CR
234,17-09-2024,17-09-2024,UPI/GoKhana/426121982481/Payment for 66e,UPI-426148020466,50.00,DR,"47,079.10",CR
235,17-09-2024,17-09-2024,UPI/Tobox Ventures /426114787540/UPIIntent,UPI-426152679712,80.00,DR,"46,999.10",CR
236,17-09-2024,17-09-2024,UPI/Chai eraumiya/426131644141/Paid via CRED,UPI-426166100051,25.00,DR,"46,974.10",CR
237,18-09-2024,18-09-2024,UPI/Miss. MEGHA  GU/426209083081/UPI,UPI-426221756834,"1,000.00",DR,"45,974.10",CR
238,20-09-2024,20-09-2024,UPI/AAYUSHKUMARGUPT/426464384963/PaidviaSuperMon,UPI-426470367238,20.00,CR,"45,994.10",CR
239,20-09-2024,20-09-2024,UPI/ARCHIT GUPTA/426452510551/Paid via SuperM,UPI-426470383182,10.00,DR,"45,984.10",CR
240,20-09-2024,20-09-2024,UPI/ARCHITGUPTA/426409940052/PaidviaSuperMon,UPI-426472832605,"1,010.00",CR,"46,994.10",CR
241,20-09-2024,20-09-2024,UPI/Udemy India LLP/426449428295/UPI,UPI-426474669428,399.00,DR,"46,595.10",CR
242,20-09-2024,20-09-2024,UPI/RAJASTHAN SWEET/426477200961/Pay to BharatPe,UPI-426493519863,20.00,DR,"46,575.10",CR
243,20-09-2024,20-09-2024,UPI/GANGULASAIKIRAN/426468476054/Tea,UPI-426494325535,20.00,CR,"46,595.10",CR
244,22-09-2024,22-09-2024,UPI/ARCHIT GUPTA/426605068007/Paid via SuperM,UPI-426659721840,"1,000.00",DR,"45,595.10",CR
245,23-09-2024,23-09-2024,UPI/Tobox Ventures /426767698560/UPIIntent,UPI-426717504292,65.00,DR,"45,530.10",CR
246,24-09-2024,24-09-2024,UPI/Tobox Ventures /426889088753/UPIIntent,UPI-426860796728,65.00,DR,"45,465.10",CR
247,24-09-2024,24-09-2024,UPI/Tobox Ventures /426849076182/UPIIntent,UPI-426862337633,60.00,DR,"45,405.10",CR
248,24-09-2024,24-09-2024,UPI/MissMEGHAGUPTA/426857133183/UPI,UPI-426888468466,"1,000.00",CR,"46,405.10",CR
249,25-09-2024,25-09-2024,UPI/IRCTCCF/426954522259/UPIRefund,UPI-426991421328,"1,980.00",CR,"48,385.10",CR
250,25-09-2024,25-09-2024,UPI/Tobox Ventures /426981000063/UPIIntent,UPI-426903982943,85.00,DR,"48,300.10",CR
251,25-09-2024,25-09-2024,UPI/Tobox Ventures /426930961365/UPIIntent,UPI-426904025103,45.00,DR,"48,255.10",CR
252,25-09-2024,25-09-2024,UPI/JASROOPSINGHCHA/463528559845/UPI,UPI-426905630422,45.00,CR,"48,300.10",CR
253,25-09-2024,25-09-2024,UPI/MEGHA GUPTA/426923157621/Paid via SuperM,UPI-426931285141,"15,000.00",DR,"33,300.10",CR
254,25-09-2024,25-09-2024,UPI/Mr AKSHAT GUPTA/426963373930/Paid via SuperM,UPI-426931310460,"1,000.00",DR,"32,300.10",CR
255,26-09-2024,26-09-2024,UPI/Tobox Ventures /427078922000/UPIIntent,UPI-427048437589,65.00,DR,"32,235.10",CR
256,26-09-2024,26-09-2024,UPI/Chai eraumiya/427032243296/Paid via SuperM,UPI-427050434700,45.00,DR,"32,190.10",CR
257,26-09-2024,26-09-2024,NEFT SBIN224270701211 ITDTAX REFUND 2024 25 BRGPG,NEFTINW-0982671943,"15,150.00",CR,"47,340.10",CR
258,27-09-2024,27-09-2024,UPI/CAPITALFLOAT/463790551996/You are paying,UPI-427103379615,999.00,DR,"46,341.10",CR
259,27-09-2024,27-09-2024,SALARYTRANS,FCM-240927CW4N6N,"68,895.00",CR,"1,15,236.10",CR
260,28-09-2024,28-09-2024,UPI/MrAKSHATGUPTASO/463870685564/UPI,UPI-427229998200,"1,000.00",CR,"1,16,236.10",CR
261,28-09-2024,28-09-2024,UPI/SANJANA  R/427257066273/Paid via SuperM,UPI-427238646101,110.00,DR,"1,16,126.10",CR
262,30-09-2024,30-09-2024,UPI/Zerodha/427453437820/499120111521272,UPI-427418769104,"15,000.00",DR,"1,01,126.10",CR
263,30-09-2024,30-09-2024,UPI/Tobox Ventures /427413054499/UPIIntent,UPI-427425492550,100.00,DR,"1,01,026.10",CR
264,30-09-2024,30-09-2024,UPI/Tobox Ventures /427433009756/UPIIntent,UPI-427427068115,270.00,DR,"1,00,756.10",CR
265,01-10-2024,30-09-2024,Int.Pd:3649610333:01-07-2024 to 30-09-2024,,436.00,CR,"1,01,192.10",CR
266,01-10-2024,01-10-2024,UPI/Tobox Ventures /427548490890/UPIIntent,UPI-427576752200,90.00,DR,"1,01,102.10",CR
267,01-10-2024,01-10-2024,UPI/Chai eraumiya/427555955880/Paid via CRED,UPI-427578599116,165.00,DR,"1,00,937.10",CR
268,01-10-2024,01-10-2024,UPI/DIGVIJAY/427565616420/Pay to BharatPe,UPI-427596694894,35.00,DR,"1,00,902.10",CR
269,02-10-2024,02-10-2024,UPI/CRED/427608649780/payment on CRED,UPI-427610934572,"20,308.87",DR,"80,593.23",CR
270,02-10-2024,02-10-2024,UPI/IRCTC CF/427617542504/IRCTC TICKET BO,UPI-427640472510,187.25,DR,"80,405.98",CR
271,03-10-2024,03-10-2024,UPI/Tobox Ventures /427776866030/UPIIntent,UPI-427779218584,65.00,DR,"80,340.98",CR
272,04-10-2024,04-10-2024,UPI/9594435259@supe/427826295007/Paid via SuperM,UPI-427811508865,"22,000.00",DR,"58,340.98",CR
273,07-10-2024,07-10-2024,UPI/Tobox Ventures /428124107805/UPIIntent,UPI-428176331887,220.00,DR,"58,120.98",CR
274,07-10-2024,07-10-2024,Recd:IMPS/428120429249/ZERODHA BR/KKBK/X3413/IMPS,IMPS-428120594211,1.00,CR,"58,121.98",CR
275,08-10-2024,08-10-2024,UPI/Tobox Ventures /428206265943/UPIIntent,UPI-428226765100,100.00,DR,"58,021.98",CR
276,08-10-2024,08-10-2024,UPI/Tobox Ventures /428253398650/UPIIntent,UPI-428228185234,220.00,DR,"57,801.98",CR
277,08-10-2024,08-10-2024,UPI/Lila Gayari/428290115097/Paid via SuperM,UPI-428239970378,35.00,DR,"57,766.98",CR
278,09-10-2024,09-10-2024,PCD/4395/DROGHERIA SELLERS PRIV/Bangal091024/14:20,428308321927,758.62,DR,"57,008.36",CR
279,10-10-2024,10-10-2024,UPI/Tobox Ventures /428485612509/UPIIntent,UPI-428426755115,338.00,DR,"56,670.36",CR
280,11-10-2024,11-10-2024,UPI/DIGVIJAY/428575884476/Pay to BharatPe,UPI-428578202481,35.00,DR,"56,635.36",CR
281,11-10-2024,11-10-2024,UPI/SUNEEL YADAV SO/428523950796/Paid via SuperM,UPI-428588351823,25.00,DR,"56,610.36",CR
282,11-10-2024,11-10-2024,UPI/UDAY KUMAR SHET/428528137393/Paid via SuperM,UPI-428588632912,15.00,DR,"56,595.36",CR
283,12-10-2024,12-10-2024,UPI/SHADOWFAX TECHN/428679728426/Paid via SuperM,UPI-428613625401,167.00,DR,"56,428.36",CR
284,12-10-2024,12-10-2024,UPI/MRKIRANG/428673888433/Paid via SuperM,UPI-428633180186,21.00,DR,"56,407.36",CR
285,12-10-2024,12-10-2024,UPI/MRKIRANG/428695219968/Paid via SuperM,UPI-428634881495,21.00,DR,"56,386.36",CR
286,13-10-2024,13-10-2024,UPI/AMAR KUMAR BEHE/428787220299/Paid via SuperM,UPI-428774342196,85.00,DR,"56,301.36",CR
287,14-10-2024,14-10-2024,UPI/Tobox Ventures /428894168081/UPIIntent,UPI-428814557312,65.00,DR,"56,236.36",CR
288,14-10-2024,14-10-2024,UPI/Tobox Ventures /428804868913/UPIIntent,UPI-428814697997,65.00,DR,"56,171.36",CR
289,14-10-2024,14-10-2024,UPI/MOHD HASHIM/428841356428/Pay to BharatPe,UPI-428831066013,60.00,DR,"56,111.36",CR
290,15-10-2024,15-10-2024,UPI/Sodexo Aditya B/428989099703/Paid via CRED,UPI-428954687793,50.00,DR,"56,061.36",CR
291,15-10-2024,15-10-2024,UPI/Tobox Ventures /428974827998/UPIIntent,UPI-428962520123,60.00,DR,"56,001.36",CR
292,16-10-2024,16-10-2024,UPI/Sajan Kumar yad/429099146321/Paid via SuperM,UPI-429020588882,20.00,DR,"55,981.36",CR
293,16-10-2024,16-10-2024,UPI/ASGAR/429077551806/Pay to BharatPe,UPI-429020845723,120.00,DR,"55,861.36",CR
294,17-10-2024,17-10-2024,UPI/Tobox Ventures /429134621370/UPIIntent,UPI-429156143310,200.00,DR,"55,661.36",CR
295,17-10-2024,17-10-2024,UPI/DIGVIJAY/429140871013/Paid via SuperM,UPI-429175918015,35.00,DR,"55,626.36",CR
296,17-10-2024,17-10-2024,PG RETURN NK TICKETS INDIAN RAILWAY CATER,KPG-0218308775,"3,868.10",DR,"51,758.26",CR
297,18-10-2024,18-10-2024,UPI/BHAGA RAM/429201538200/Paid via SuperM,UPI-429216039749,40.00,DR,"51,718.26",CR
298,18-10-2024,18-10-2024,UPI/SATHISH S N/429213411524/Paid via CRED,UPI-429216117780,30.00,DR,"51,688.26",CR
299,18-10-2024,18-10-2024,UPI/Sajan Kumar yad/429207971015/Paid via SuperM,UPI-429217312137,20.00,DR,"51,668.26",CR
300,19-10-2024,19-10-2024,UPI/RAJASTHAN SWEET/429320801805/Pay to BharatPe,UPI-429361379651,30.00,DR,"51,638.26",CR
301,19-10-2024,19-10-2024,UPI/SAHUKAR CHAI/429349376454/Paid via SuperM,UPI-429361656468,30.00,DR,"51,608.26",CR
302,20-10-2024,20-10-2024,UPI/EKRAMUL HOQUE/429449904980/Paid via SuperM,UPI-429404921440,35.00,DR,"51,573.26",CR
303,20-10-2024,20-10-2024,UPI/DALPAT  PATEL/429429995629/Pay To DALPAT,UPI-429405581389,50.00,DR,"51,523.26",CR
304,20-10-2024,20-10-2024,UPI/Sahukar Chai/429490818470/Paid via CRED,UPI-429405944231,20.00,DR,"51,503.26",CR
305,20-10-2024,20-10-2024,UPI/Sajan Kumar yad/429435923067/Paid via SuperM,UPI-429408252249,20.00,DR,"51,483.26",CR
306,21-10-2024,21-10-2024,UPI/PELOLLA RAVITEJ/429547917344/Paid via SuperM,UPI-429556523795,60.00,DR,"51,423.26",CR
307,21-10-2024,21-10-2024,UPI/Sajan Kumar yad/429585851958/Paid via SuperM,UPI-429566308847,20.00,DR,"51,403.26",CR
308,22-10-2024,22-10-2024,UPI/Sodexo Aditya B/429653794467/Paid via SuperM,UPI-429684240810,50.00,DR,"51,353.26",CR
309,22-10-2024,22-10-2024,UPI/Tobox Ventures /429645685974/UPIIntent,UPI-429690368728,75.00,DR,"51,278.26",CR
310,22-10-2024,22-10-2024,UPI/SAHUKAR CHAI/429624951698/Paid via SuperM,UPI-429611233973,20.00,DR,"51,258.26",CR
311,23-10-2024,23-10-2024,UPI/Tobox Ventures /429706001696/UPIIntent,UPI-429737543887,75.00,DR,"51,183.26",CR
312,23-10-2024,23-10-2024,UPI/Tobox Ventures /429747511149/UPIIntent,UPI-429738786629,70.00,DR,"51,113.26",CR
313,23-10-2024,23-10-2024,UPI/RYANABRAHAMTHOM/429708875714/UPI,UPI-429738791550,70.00,CR,"51,183.26",CR
314,24-10-2024,24-10-2024,UPI/Tobox Ventures /429862924970/UPIIntent,UPI-429882811778,75.00,DR,"51,108.26",CR
315,24-10-2024,24-10-2024,UPI/Zomato Ltd/429849628144/Zomato Payment,UPI-429805729826,212.09,DR,"50,896.17",CR
316,24-10-2024,24-10-2024,UPI/Sajan Kumar yad/429838140500/Paid via SuperM,UPI-429808968358,20.00,DR,"50,876.17",CR
317,25-10-2024,25-10-2024,UPI/Tobox Ventures /429961311725/UPIIntent,UPI-429930325823,75.00,DR,"50,801.17",CR
318,25-10-2024,25-10-2024,UPI/MUHAMED FAIS/429912564700/Paid via SuperM,UPI-429944361882,60.00,DR,"50,741.17",CR
319,25-10-2024,25-10-2024,UPI/UMESH KUMAR YAD/429968760636/Paid via SuperM,UPI-429954097321,20.00,DR,"50,721.17",CR
320,26-10-2024,26-10-2024,UPI/CRED/430018841932/payment on CRED,UPI-430068717417,"10,000.00",DR,"40,721.17",CR
321,28-10-2024,28-10-2024,UPI/Tobox Ventures /430297545453/UPIIntent,UPI-430273663242,60.00,DR,"40,661.17",CR
322,28-10-2024,28-10-2024,UPI/MEGHA GUPTA/430209556269/Paid via SuperM,UPI-430201954679,"4,000.00",DR,"36,661.17",CR
323,29-10-2024,29-10-2024,SALARYTRANS,FCM-241029DHJBTW,"68,895.00",CR,"1,05,556.17",CR
324,29-10-2024,29-10-2024,UPI/ARCHITGUPTA/466947290788/Resend,UPI-430348946771,100.00,CR,"1,05,656.17",CR
325,29-10-2024,29-10-2024,UPI/ARCHIT GUPTA/430357451290/UPI,UPI-430349005328,100.00,DR,"1,05,556.17",CR
326,29-10-2024,29-10-2024,UPI/ARCHIT GUPTA/430363529227/UPI,UPI-430354498500,10.00,DR,"1,05,546.17",CR
327,29-10-2024,29-10-2024,UPI/GOOGLEINDIADIGI/328789493034/Rewardedformaki,UPI-430354518221,5.00,CR,"1,05,551.17",CR
328,29-10-2024,29-10-2024,UPI/ARCHITGUPTA/466917495950/UPI,UPI-430354536824,10.00,CR,"1,05,561.17",CR
329,30-10-2024,30-10-2024,UPI/CRED/430452454902/payment on CRED,UPI-430471323036,"5,000.00",DR,"1,00,561.17",CR
330,31-10-2024,31-10-2024,UPI/CRED/430565662340/payment on CRED,UPI-430515513015,"2,000.00",DR,"98,561.17",CR
331,31-10-2024,31-10-2024,UPI/RZPX/456516033054/SupermoneyRewar,UPI-430515574557,77.11,CR,"98,638.28",CR
332,31-10-2024,31-10-2024,UPI/IndianClearingC/430564464071/InaCIs8f0JrdDkx,UPI-430528161307,"7,000.00",DR,"91,638.28",CR
333,31-10-2024,31-10-2024,UPI/ICCL ZERODHA CO/430598397781/wf2vJPip0qMvdi0,UPI-430528446754,"16,000.00",DR,"75,638.28",CR
334,01-11-2024,01-11-2024,PCD/4395/BLR Domestic Lounge/BENGALURU011124/10:56,430605596729,2.00,DR,"75,636.28",CR
335,01-11-2024,01-11-2024,UPI/CRED/430634043850/payment on CRED,UPI-430687903401,"1,000.00",DR,"74,636.28",CR
336,01-11-2024,01-11-2024,UPI/CRED/430660163850/payment on CRED,UPI-430689710618,"3,000.00",DR,"71,636.28",CR
337,02-11-2024,02-11-2024,UPI/Himanshu Sharma/430782872635/Paid via CRED a,UPI-430714244786,"1,100.00",DR,"70,536.28",CR
338,02-11-2024,02-11-2024,UPI/CRED/430708123486/payment on CRED,UPI-430722208098,"2,000.00",DR,"68,536.28",CR
339,03-11-2024,03-11-2024,UPI/CRED/430803926361/payment on CRED,UPI-430859455360,"1,500.00",DR,"67,036.28",CR
340,04-11-2024,04-11-2024,UPI/CRED/430980105263/payment on CRED,UPI-430904043564,"1,000.00",DR,"66,036.28",CR
341,05-11-2024,05-11-2024,UPI/CRED/431002476328/payment on CRED,UPI-431051275800,"1,500.00",DR,"64,536.28",CR
342,06-11-2024,06-11-2024,UPI/CRED/431171973876/payment on CRED,UPI-431106076080,"1,048.30",DR,"63,487.98",CR
343,08-11-2024,08-11-2024,UPI/ATTIPALLI HARIT/431396530996/Paid via CRED a,UPI-431308174735,"15,000.00",DR,"48,487.98",CR
344,08-11-2024,08-11-2024,REV-UPI/ATTIPALLI HAR/431396530996/,UPI-431308174735,"15,000.00",CR,"63,487.98",CR
345,08-11-2024,08-11-2024,UPI/ATTIPALLI HARIT/431374587000/Paid via SuperM,UPI-431308432676,"15,000.00",DR,"48,487.98",CR
346,08-11-2024,08-11-2024,REV-UPI/ATTIPALLI HAR/431374587000/,UPI-431308432676,"15,000.00",CR,"63,487.98",CR
347,08-11-2024,08-11-2024,UPI/ALAPARTHI SHIVA/431307581132/Paid via CRED,UPI-431309302242,"15,000.00",DR,"48,487.98",CR
348,08-11-2024,08-11-2024,UPI/AMBEY BURGER SA/431377467410/Paid via SuperM,UPI-431326004106,170.00,DR,"48,317.98",CR
349,12-11-2024,12-11-2024,UPI/IRCTC/431722692336/IRCTC TICKET BO,UPI-431786702506,271.80,DR,"48,046.18",CR
350,13-11-2024,13-11-2024,UPI/MUKESH GOYAL/431817853367/Paid via CRED,UPI-431837669296,35.00,DR,"48,011.18",CR
351,13-11-2024,13-11-2024,UPI/MEGHA GUPTA/431841637473/Paid via CRED,UPI-431849461282,"1,500.00",DR,"46,511.18",CR
352,14-11-2024,14-11-2024,UPI/CRED/431974067857/payment on CRED,UPI-431983121855,"2,000.00",DR,"44,511.18",CR
353,16-11-2024,16-11-2024,UPI/JAI AMBE NAMKEE/468737636490/Paid via SuperM,UPI-432177585616,120.00,DR,"44,391.18",CR
354,16-11-2024,16-11-2024,UPI/MUKESH GOYAL/468737696443/Paid via SuperM,UPI-432177907191,125.00,DR,"44,266.18",CR
355,16-11-2024,16-11-2024,UPI/IRCTCETICKETING/432154846103/Pine Labs Payme,UPI-432181253931,437.25,DR,"43,828.93",CR
356,16-11-2024,16-11-2024,UPI/IRCTC/432144969214/refundrequest,UPI-432104139679,200.00,CR,"44,028.93",CR
357,17-11-2024,17-11-2024,UPI/MUKESH GOYAL/468845705652/Paid via SuperM,UPI-432225213888,250.00,DR,"43,778.93",CR
358,17-11-2024,17-11-2024,UPI/BHAIRU PRAKASH /468845765241/Paid via SuperM,UPI-432225512603,50.00,DR,"43,728.93",CR
359,17-11-2024,17-11-2024,UPI/ASHOK KUMAR/468851661085/Paid via SuperM,UPI-432259843023,110.00,DR,"43,618.93",CR
360,18-11-2024,18-11-2024,UPI/Kalu Singh/468952454197/Paid via SuperM,UPI-432365610235,87.00,DR,"43,531.93",CR
361,18-11-2024,18-11-2024,NACH-ECS-CR-NTPC-INT DIV 24-25-NT0211242619813,NACHDB18112406305500,2.50,CR,"43,534.43",CR
362,19-11-2024,19-11-2024,NACH-ECS-CR-CAMS 2ND INT 2024 25-280473,NACHDB19112406310500,475.00,CR,"44,009.43",CR
363,19-11-2024,19-11-2024,UPI/CRED/432459723382/payment on CRED,UPI-432454035515,"2,000.00",DR,"42,009.43",CR
364,20-11-2024,20-11-2024,UPI/CRED/432555934921/payment on CRED,UPI-432557335025,"1,000.00",DR,"41,009.43",CR
365,21-11-2024,21-11-2024,UPI/CRED/432677916528/payment on CRED,UPI-432635339988,"1,000.00",DR,"40,009.43",CR
366,22-11-2024,22-11-2024,UPI/CRED/432734235036/payment on CRED,UPI-432748611030,"1,000.00",DR,"39,009.43",CR
367,23-11-2024,23-11-2024,UPI/CRED/432837056331/payment on CRED,UPI-432893955361,"1,000.00",DR,"38,009.43",CR
368,24-11-2024,24-11-2024,UPI/ARUNA KUMARA S /432906385800/Paid via SuperM,UPI-432951105220,323.00,DR,"37,686.43",CR
369,24-11-2024,24-11-2024,UPI/CRED/432922570690/payment on CRED,UPI-432968183119,"1,000.00",DR,"36,686.43",CR
370,25-11-2024,25-11-2024,UPI/CRED/433067955458/payment on CRED,UPI-433084044172,500.00,DR,"36,186.43",CR
371,26-11-2024,26-11-2024,UPI/CRED/433162804095/payment on CRED,UPI-433130062976,"1,101.00",DR,"35,085.43",CR
372,26-11-2024,26-11-2024,UPI/IRCTCETICKETING/433189764668/Pine Labs Payme,UPI-433130221042,529.05,DR,"34,556.38",CR
373,26-11-2024,26-11-2024,UPI/Sodexo Aditya B/433180820699/Paid via CRED,UPI-433134262890,50.00,DR,"34,506.38",CR
374,26-11-2024,26-11-2024,UPI/IRCTCCF/433192180404/UPIRefund,UPI-433148199834,55.36,CR,"34,561.74",CR
375,26-11-2024,26-11-2024,UPI/RAJASTHAN SWEET/433127012479/Pay to BharatPe,UPI-433161842478,40.00,DR,"34,521.74",CR
376,27-11-2024,27-11-2024,UPI/CRED/433294816058/payment on CRED,UPI-433275937219,"1,000.00",DR,"33,521.74",CR
377,28-11-2024,28-11-2024,UPI/CRED/433311354035/payment on CRED,UPI-433321837180,"1,652.41",DR,"31,869.33",CR
378,28-11-2024,28-11-2024,NACH-MUT-DR-INDIAN CLEARING CORP-WIGHIWHVBV7R,NACHDR28112406210700,"7,000.00",DR,"24,869.33",CR
379,28-11-2024,28-11-2024,UPI/Sodexo Aditya B/433339079903/Paid via SuperM,UPI-433326311440,50.00,DR,"24,819.33",CR
380,28-11-2024,28-11-2024,SALARYTRANS,FCM-241128DXLPQS,"68,895.00",CR,"93,714.33",CR
381,28-11-2024,28-11-2024,UPI/Sajan Kumar yad/433345741394/Paid via SuperM,UPI-433360326260,20.00,DR,"93,694.33",CR
382,29-11-2024,29-11-2024,UPI/Sodexo Aditya B/433447758474/Paid via SuperM,UPI-433471693913,50.00,DR,"93,644.33",CR
383,30-11-2024,30-11-2024,UPI/MOHD HASHIM/433561165031/Pay to BharatPe,UPI-433544105269,60.00,DR,"93,584.33",CR
384,02-12-2024,02-12-2024,UPI/DARSHAN S M/433773253958/Paid via SuperM,UPI-433714731007,395.00,DR,"93,189.33",CR
385,02-12-2024,02-12-2024,UPI/Tobox Ventures /433776515134/Paid via SuperM,UPI-433730644400,120.00,DR,"93,069.33",CR
386,03-12-2024,03-12-2024,UPI/Sodexo Aditya B/433883988279/Paid via SuperM,UPI-433871397770,50.00,DR,"93,019.33",CR
387,03-12-2024,03-12-2024,UPI/Tobox Ventures /433886338233/Paid via SuperM,UPI-433882947299,60.00,DR,"92,959.33",CR
388,03-12-2024,03-12-2024,NACH-ECS-CR-CHAMBAL FERTILISERSA-8160012081600772,NACHDB03122416445901,25.00,CR,"92,984.33",CR
389,03-12-2024,03-12-2024,UPI/NELABALLI PRADE/433828712258/Paid via CRED,UPI-433896633088,"15,000.00",DR,"77,984.33",CR
390,05-12-2024,05-12-2024,UPI/Chai eraumiya/470606909613/Paid via SuperM,UPI-434088978152,45.00,DR,"77,939.33",CR
391,07-12-2024,07-12-2024,UPI/PAPUDIPPU SYAMA/470824040186/Paid via SuperM,UPI-434275935424,50.00,DR,"77,889.33",CR
392,07-12-2024,07-12-2024,UPI/PANDARI/470824514213/Paid via SuperM,UPI-434278209926,129.00,DR,"77,760.33",CR
393,07-12-2024,07-12-2024,UPI/P  BALAJI/470826579488/Paid via SuperM,UPI-434288761292,127.00,DR,"77,633.33",CR
394,07-12-2024,07-12-2024,UPI/BADARE   ALAM/470829148952/Paid via SuperM,UPI-434202385075,105.00,DR,"77,528.33",CR
395,08-12-2024,08-12-2024,UPI/UMAKANTA  MAHAK/470933194695/Paid via SuperM,UPI-434324075976,111.00,DR,"77,417.33",CR
396,08-12-2024,08-12-2024,UPI/HITESH G PATEL/470934325631/Paid via SuperM,UPI-434329096172,820.00,DR,"76,597.33",CR
397,08-12-2024,08-12-2024,UPI/MEGHA GUPTA/434358109306/Paid via CRED,UPI-434357454511,"20,000.00",DR,"56,597.33",CR
398,09-12-2024,09-12-2024,NEFT CMS4710851499 CENTRAL DEPOSITORY SERVICES IN,NEFTINW-1057721036,122.22,CR,"56,719.55",CR
399,09-12-2024,09-12-2024,UPI/NAVEENKUMARSHAH/434486517861/UPI,UPI-434409699837,18.00,CR,"56,737.55",CR
400,10-12-2024,10-12-2024,UPI/Sodexo Aditya B/471152384437/Paid via SuperM,UPI-434521127370,50.00,DR,"56,687.55",CR
401,14-12-2024,14-12-2024,UPI/Jevoya cafe/471594615819/Paid via SuperM,UPI-434929656508,60.00,DR,"56,627.55",CR
402,14-12-2024,14-12-2024,UPI/AJAY SHOP/471596123901/Paid via SuperM,UPI-434937243507,25.00,DR,"56,602.55",CR
403,14-12-2024,14-12-2024,UPI/PUTHURU BHARATH/471597852379/Paid via SuperM,UPI-434946033052,97.00,DR,"56,505.55",CR
404,14-12-2024,14-12-2024,UPI/CRED/434987985034/payment on CRED,UPI-434958003745,"1,500.00",DR,"55,005.55",CR
405,15-12-2024,15-12-2024,UPI/CRED/435088496312/payment on CRED,UPI-435064259508,"1,500.00",DR,"53,505.55",CR
406,15-12-2024,15-12-2024,UPI/SHAMBHAVI M/435001501361/Paid via SuperM,UPI-435065100860,102.00,DR,"53,403.55",CR
407,15-12-2024,15-12-2024,UPI/Bhartiya Jalpan/435003802856/Paid via SuperM,UPI-435075360059,198.00,DR,"53,205.55",CR
408,15-12-2024,15-12-2024,UPI/ASHEESHKUMARSIN/435040533669/UPI,UPI-435087250906,430.00,CR,"53,635.55",CR
409,16-12-2024,16-12-2024,UPI/CRED/435193340232/payment on CRED,UPI-435111612459,"1,500.00",DR,"52,135.55",CR
410,16-12-2024,16-12-2024,UPI/SANKAR  DEBNATH/435116686997/Paid via SuperM,UPI-435138506474,99.00,DR,"52,036.55",CR
411,17-12-2024,17-12-2024,UPI/Sodexo Aditya B/435222780165/Paid via SuperM,UPI-435268086543,50.00,DR,"51,986.55",CR
412,17-12-2024,17-12-2024,UPI/MOHAMMED KHADIR/435227418631/Paid via SuperM,UPI-435290051335,70.00,DR,"51,916.55",CR
413,17-12-2024,17-12-2024,UPI/GUNA C/435230021593/Paid via SuperM,UPI-435201675143,"5,000.00",DR,"46,916.55",CR
414,18-12-2024,18-12-2024,UPI/MAHESH KUMAR A /435331195579/Paid via SuperM,UPI-435308038461,72.00,DR,"46,844.55",CR
415,18-12-2024,18-12-2024,UPI/CRED/471902279530/payment on CRED,UPI-435309174439,"1,500.00",DR,"45,344.55",CR
416,18-12-2024,18-12-2024,UPI/Tobox Ventures /471903684097/UPIIntent,UPI-435323979176,75.00,DR,"45,269.55",CR
417,18-12-2024,18-12-2024,UPI/GUNA C/471906220214/Paid via CRED,UPI-435351395152,1.00,DR,"45,268.55",CR
418,18-12-2024,18-12-2024,UPI/GUNA C/471906225506/Paid via CRED,UPI-435351454146,"4,999.00",DR,"40,269.55",CR
419,19-12-2024,19-12-2024,UPI/Chai eraumiya/435445536882/Paid via SuperM,UPI-435473023038,45.00,DR,"40,224.55",CR
420,20-12-2024,20-12-2024,UPI/CRED/472111199646/payment on CRED,UPI-435507266973,"1,500.00",DR,"38,724.55",CR
421,20-12-2024,20-12-2024,UPI/MUHAMED FAIS/435558352430/Paid via SuperM,UPI-435532522283,80.00,DR,"38,644.55",CR
422,21-12-2024,21-12-2024,UPI/CRED/472215758550/payment on CRED,UPI-435656520565,"1,500.00",DR,"37,144.55",CR
423,21-12-2024,21-12-2024,UPI/VAIBHAV  RATHI/472215859886/Paid via CRED a,UPI-435657506901,300.00,DR,"36,844.55",CR
424,21-12-2024,21-12-2024,UPI/SARASWATHI M/435669758179/Paid via SuperM,UPI-435686819155,40.00,DR,"36,804.55",CR
425,22-12-2024,22-12-2024,UPI/CRED/472320494036/payment on CRED,UPI-435705287201,"1,500.00",DR,"35,304.55",CR
426,22-12-2024,22-12-2024,UPI/TRENT LIMITED/435777928477/Payment for 505,UPI-435725892576,"2,397.00",DR,"32,907.55",CR
427,22-12-2024,22-12-2024,UPI/PWC_LENSKART_ON/472322986662/payment on CRED,UPI-435730228346,"7,200.00",DR,"25,707.55",CR
428,23-12-2024,23-12-2024,UPI/CRED/472425309490/payment on CRED,UPI-435855385538,"1,500.00",DR,"24,207.55",CR
429,23-12-2024,23-12-2024,UPI/Lila Gayari/435888775108/Paid via SuperM,UPI-435877323442,50.00,DR,"24,157.55",CR
430,23-12-2024,23-12-2024,UPI/caratlane/435826156428/Upi Transaction,UPI-435890760978,"10,157.00",DR,"14,000.55",CR
431,24-12-2024,24-12-2024,UPI/CRED/472528972062/payment on CRED,UPI-435998362712,"1,446.19",DR,"12,554.36",CR
432,24-12-2024,24-12-2024,UPI/Sodexo Aditya B/435994567833/Paid via SuperM,UPI-435904053046,50.00,DR,"12,504.36",CR
433,24-12-2024,24-12-2024,UPI/Chai eraumiya/435997102187/Paid via SuperM,UPI-435915519358,62.00,DR,"12,442.36",CR
434,24-12-2024,24-12-2024,UPI/caratlane/435930300366/Refundfor219412,UPI-435931199648,"1,273.00",CR,"13,715.36",CR
435,25-12-2024,25-12-2024,UPI/RZPX/567947283604/SupermoneyRewar,UPI-436047285483,88.30,CR,"13,803.66",CR
436,25-12-2024,25-12-2024,UPI/Chai eraumiya/472606694652/Paid via SuperM,UPI-436061502084,99.00,DR,"13,704.66",CR
437,25-12-2024,25-12-2024,UPI/Chai eraumiya/472606871319/Paid via SuperM,UPI-436062378413,45.00,DR,"13,659.66",CR
438,26-12-2024,26-12-2024,UPI/NIXON JOJI/472716905137/Paid via SuperM,UPI-436110517887,99.00,DR,"13,560.66",CR
439,26-12-2024,26-12-2024,NEFT YESF343613754237 ZERODHA BROKING LTD DSCNB A,NEFTINW-1074447582,"10,000.00",CR,"23,560.66",CR
440,26-12-2024,26-12-2024,UPI/VIKAS  KANDA/472721532684/Paid via SuperM,UPI-436132145410,147.00,DR,"23,413.66",CR
441,26-12-2024,26-12-2024,UPI/VIKAS  KANDA/472721750874/Paid via SuperM,UPI-436133069487,26.00,DR,"23,387.66",CR
442,27-12-2024,27-12-2024,UPI/Chai eraumiya/472825179919/Paid via SuperM,UPI-436248427536,25.00,DR,"23,362.66",CR
443,27-12-2024,27-12-2024,UPI/Tobox Ventures /472826233265/UPIIntent,UPI-436253129837,90.00,DR,"23,272.66",CR
444,27-12-2024,27-12-2024,UPI/DIGVATSA B PRAS/472842804607/Paid via CRED,UPI-436266099380,"1,250.00",DR,"22,022.66",CR
445,28-12-2024,28-12-2024,NACH-MUT-DR-INDIAN CLEARING CORP-000000C8VV2P1K4H,NACHDR28122406193300,"7,000.00",DR,"15,022.66",CR
446,28-12-2024,28-12-2024,UPI/TIRTHATILAKPANI/436300855056/HappyWedding,UPI-436388939429,"10,000.00",CR,"25,022.66",CR
447,28-12-2024,28-12-2024,UPI/TIRTHATILAKPANI/436326179460/SentusingPaytmU,UPI-436388943977,1.00,CR,"25,023.66",CR
448,28-12-2024,28-12-2024,UPI/GUNA C/472945584745/Paid via CRED,UPI-436301023654,"10,000.00",DR,"15,023.66",CR
449,28-12-2024,28-12-2024,UPI/Pramod/472945745049/Paid via CRED,UPI-436303007504,35.00,DR,"14,988.66",CR
450,29-12-2024,29-12-2024,UPI/GUNA C/473049065775/Paid via CRED,UPI-436444999587,"10,000.00",DR,"4,988.66",CR
451,29-12-2024,29-12-2024,UPI/TANDOORI CHA/473050786400/Paid via SuperM,UPI-436470090156,27.00,DR,"4,961.66",CR
452,29-12-2024,29-12-2024,UPI/BMTC BUS KA01F4/473050887041/Pay to Merchant,UPI-436470569152,15.00,DR,"4,946.66",CR
453,30-12-2024,30-12-2024,NEFT N365243477890564 INDIAN CLEARING CORPORATION,NEFTINW-1077540468,"1,018.60",CR,"5,965.26",CR
454,30-12-2024,30-12-2024,SALARYTRANS,FCM-241230EFVQPC,"68,846.00",CR,"74,811.26",CR
455,30-12-2024,30-12-2024,NEFT YESF343653798090 ZERODHA BROKING LTD DSCNB A,NEFTINW-1078025024,"40,000.00",CR,"1,14,811.26",CR
456,31-12-2024,31-12-2024,UPI/GUNA C/473267815251/Paid via SuperM,UPI-436648991912,"5,000.00",DR,"1,09,811.26",CR
457,31-12-2024,31-12-2024,UPI/KAMLESH  KUMAR/473269950377/Paid via SuperM,UPI-436659826936,200.00,DR,"1,09,611.26",CR
458,01-01-2025,31-12-2024,Int.Pd:3649610333:01-10-2024 to 31-12-2024,,431.00,CR,"1,10,042.26",CR
459,01-01-2025,01-01-2025,UPI/NARESHKUMARM/536775161444/Paid via SuperM,UPI-500187187641,120.00,DR,"1,09,922.26",CR
460,01-01-2025,01-01-2025,UPI/SURYA HOME APPL/536778562199/Paid via SuperM,UPI-500102928245,"1,005.00",DR,"1,08,917.26",CR
461,01-01-2025,01-01-2025,UPI/AYISHA/536779551748/Paid via SuperM,UPI-500107799017,"1,200.00",DR,"1,07,717.26",CR
462,01-01-2025,01-01-2025,UPI/CRED/536763238883/payment on CRED,UPI-500115583163,"3,000.00",DR,"1,04,717.26",CR
463,01-01-2025,01-01-2025,UPI/CRED/536763253998/payment on CRED,UPI-500115753847,"37,000.00",DR,"67,717.26",CR
464,01-01-2025,01-01-2025,UPI/PRADEEP  R/536782346831/Pay to BharatPe,UPI-500122082111,80.00,DR,"67,637.26",CR
465,01-01-2025,01-01-2025,UPI/C 108 KA Bengal/536782555221/Paid via SuperM,UPI-500123131537,140.00,DR,"67,497.26",CR
466,02-01-2025,02-01-2025,UPI/Sodexo Aditya B/536886030551/Paid via SuperM,UPI-500241014591,50.00,DR,"67,447.26",CR
467,02-01-2025,02-01-2025,UPI/Zerodha Broking/536866006216/482025564279950,UPI-500248314499,"3,500.00",DR,"63,947.26",CR
468,02-01-2025,02-01-2025,UPI/Chai eraumiya/536888326143/Paid via SuperM,UPI-500251472827,114.00,DR,"63,833.26",CR
469,03-01-2025,03-01-2025,UPI/CRED WALLET/536969263945/payment on CRED,UPI-500389725991,"1,100.00",DR,"62,733.26",CR
470,03-01-2025,03-01-2025,UPI/CRED/536969270364/payment on CRED,UPI-500389796725,"10,000.00",DR,"52,733.26",CR
471,03-01-2025,03-01-2025,NEFT N003253488404645 MIRAE ASSET MF REDEMPTION A,NEFTINW-1082227339,"3,614.03",CR,"56,347.29",CR
472,03-01-2025,03-01-2025,UPI/Sodexo Aditya B/536997456463/Paid via SuperM,UPI-500395042950,50.00,DR,"56,297.29",CR
473,03-01-2025,03-01-2025,UPI/CRED/536971412438/payment on CRED,UPI-500316532537,"19,000.00",DR,"37,297.29",CR
474,03-01-2025,03-01-2025,UPI/CREDDreamPlug/500378130281/credUser,UPI-500316739288,"19,000.00",CR,"56,297.29",CR
475,03-01-2025,03-01-2025,UPI/CRED/536971891426/payment on CRED,UPI-500322794179,"19,000.00",DR,"37,297.29",CR
476,03-01-2025,03-01-2025,UPI/CREDDreamPlug/500378671616/credUser,UPI-500322963170,"19,000.00",CR,"56,297.29",CR
477,03-01-2025,03-01-2025,UPI/Mohith S Reddy/536971926009/Remaining depos,UPI-500323238259,"19,000.00",DR,"37,297.29",CR
478,03-01-2025,03-01-2025,REV-UPI/Mohith S Redd/536971926009/,UPI-500323238259,"19,000.00",CR,"56,297.29",CR
479,03-01-2025,03-01-2025,UPI/MOHITH S REDDY/500303860417/Paid via SuperM,UPI-500323327603,"19,000.00",DR,"37,297.29",CR
480,03-01-2025,03-01-2025,UPI/IRCTC CF/500306167352/IRCTC TICKET BO,UPI-500334139244,262.70,DR,"37,034.59",CR
481,04-01-2025,04-01-2025,NEFT YESF350043585008 ZERODHA BROKING LTD DSCNB A,NEFTINW-1083390676,"1,283.68",CR,"38,318.27",CR
482,04-01-2025,04-01-2025,UPI/NAGARAJ V R/537026056673/UPI,UPI-500465784384,180.00,DR,"38,138.27",CR
483,04-01-2025,04-01-2025,UPI/VISHWAS S G SHA/500413154574/Paid via SuperM,UPI-500467183303,60.00,DR,"38,078.27",CR
484,04-01-2025,04-01-2025,UPI/DARSHINI H P/500413393939/Paid via SuperM,UPI-500468308347,70.00,DR,"38,008.27",CR
485,04-01-2025,04-01-2025,UPI/Mehak Islam/500413640725/Paid via SuperM,UPI-500469433166,400.00,DR,"37,608.27",CR
486,04-01-2025,04-01-2025,UPI/SHANKARAPPA/500414607123/Paid via SuperM,UPI-500473895286,210.00,DR,"37,398.27",CR
487,04-01-2025,04-01-2025,UPI/BMTC BUS KA57F0/500415658573/Pay to Merchant,UPI-500478855078,20.00,DR,"37,378.27",CR
488,04-01-2025,04-01-2025,UPI/CHAI VENUE 02/500415820820/Paid via SuperM,UPI-500479623667,12.00,DR,"37,366.27",CR
489,05-01-2025,05-01-2025,UPI/PRADEEP  R/500520245483/Pay to BharatPe,UPI-500501096447,75.00,DR,"37,291.27",CR
490,05-01-2025,05-01-2025,UPI/AMARNATHCHALAMC/500564975600/alrefund,UPI-500515383326,"7,000.00",CR,"44,291.27",CR
491,05-01-2025,05-01-2025,UPI/PREM BAHADUR CH/500523929670/Paid via SuperM,UPI-500518547551,"1,900.00",DR,"42,391.27",CR
492,05-01-2025,05-01-2025,UPI/MOHITHSREDDY/500513896382/UPI,UPI-500519031293,"1,900.00",CR,"44,291.27",CR
493,06-01-2025,06-01-2025,UPI/Sodexo Aditya B/500630097231/Paid via SuperM,UPI-500646643227,50.00,DR,"44,241.27",CR
494,06-01-2025,06-01-2025,UPI/Chai eraumiya/500632824300/Paid via SuperM,UPI-500657277703,104.00,DR,"44,137.27",CR
495,06-01-2025,06-01-2025,UPI/SNEGHA   M/500633753650/Paid via SuperM,UPI-500660976533,50.00,DR,"44,087.27",CR
496,06-01-2025,06-01-2025,UPI/ARJUN PRASAD/500637412694/Paid via SuperM,UPI-500676806059,80.00,DR,"44,007.27",CR
497,07-01-2025,07-01-2025,UPI/Sodexo Aditya B/500742409470/Paid via SuperM,UPI-500799132341,50.00,DR,"43,957.27",CR
498,07-01-2025,07-01-2025,UPI/Chai eraumiya/500744483097/Paid via SuperM,UPI-500707803192,114.00,DR,"43,843.27",CR
499,08-01-2025,08-01-2025,UPI/Sodexo Aditya B/500854217245/Paid via SuperM,UPI-500852302004,50.00,DR,"43,793.27",CR
500,08-01-2025,08-01-2025,NEFT N008253501926262 INDIAN CLEARING CORPORATION,NEFTINW-1088035863,"30,309.34",CR,"74,102.61",CR
501,08-01-2025,08-01-2025,UPI/Chai eraumiya/500856556912/Paid via SuperM,UPI-500862157736,50.00,DR,"74,052.61",CR
502,08-01-2025,08-01-2025,UPI/AVNEESH FAST FO/500859461156/Paid via SuperM,UPI-500875575244,100.00,DR,"73,952.61",CR
503,08-01-2025,08-01-2025,UPI/KAPOORS CHAAT B/500861869176/Paid via SuperM,UPI-500885961439,126.00,DR,"73,826.61",CR
504,09-01-2025,09-01-2025,UPI/T THIMMAPPA/500965744531/Paid via SuperM,UPI-500903134599,200.00,DR,"73,626.61",CR
505,09-01-2025,09-01-2025,UPI/Chai eraumiya/500967848952/Paid via SuperM,UPI-500911725055,104.00,DR,"73,522.61",CR
506,09-01-2025,09-01-2025,UPI/JASROOP SINGH C/500968326538/Paid via SuperM,UPI-500913735823,45.00,DR,"73,477.61",CR
507,09-01-2025,09-01-2025,PCD/4395/BLR DOMESTIC LOUNGE/BANGALORE090125/18:42,500913592233,2.00,DR,"73,475.61",CR
508,09-01-2025,09-01-2025,UPI/AJAY KUMAR JORW/500975593943/Paid via SuperM,UPI-500945827299,393.00,DR,"73,082.61",CR
509,10-01-2025,10-01-2025,UPI/UBER INDIA SYST/501075929815/UberRide,UPI-501047935614,1.00,DR,"73,081.61",CR
510,10-01-2025,10-01-2025,NEFT AXISCN0883722661 NIPPON INDIA SMALL CAP FUND,NEFTINW-1090203955,501.00,CR,"73,582.61",CR
511,10-01-2025,10-01-2025,UPI_CRADJ_U2_TDT_100125_501075929815_100125_6C,FOS2501057956096,1.00,CR,"73,583.61",CR
512,11-01-2025,11-01-2025,UPI/MAHI DUBEY/501190383755/Paid via SuperM,UPI-501108032985,350.00,DR,"73,233.61",CR
513,11-01-2025,11-01-2025,UPI/MUKESH GOYAL/501197503838/Paid via SuperM,UPI-501139052289,50.00,DR,"73,183.61",CR
514,13-01-2025,13-01-2025,UPI/RZPX/788763890135/SupermoneyRewar,UPI-501324776665,72.77,CR,"73,256.38",CR
515,13-01-2025,13-01-2025,Recd:IMPS/501327193927/DREAMPURSE/KKBK/X4277/PaidV,IMPS-501315155198,"1,100.00",CR,"74,356.38",CR
516,14-01-2025,14-01-2025,UPI/RAJ KUMAR/538028859454/Paid via SuperM,UPI-501472054910,150.00,DR,"74,206.38",CR
517,16-01-2025,16-01-2025,UPI/PRITI ENTERPRIS/501612448386/Paid via CRED,UPI-501671112410,"2,000.00",DR,"72,206.38",CR
518,18-01-2025,18-01-2025,UPI/CRED/501818277347/payment on CRED,UPI-501882045745,894.00,DR,"71,312.38",CR
519,19-01-2025,19-01-2025,UPI/Miss. MEGHA  GU/501920176296/Paid via CRED a,UPI-501916694471,"20,000.00",DR,"51,312.38",CR
520,19-01-2025,19-01-2025,UPI/Miss. MEGHA  GU/501920238798/Paid via CRED a,UPI-501917944055,"30,000.00",DR,"21,312.38",CR
521,19-01-2025,19-01-2025,UPI/CRED/501920758953/payment on CRED,UPI-501928012362,500.00,DR,"20,812.38",CR
522,21-01-2025,21-01-2025,UPI/CRED/502124835926/payment on CRED,UPI-502105706826,"2,000.00",DR,"18,812.38",CR
523,22-01-2025,22-01-2025,UPI/CRED/502228631239/payment on CRED,UPI-502279340998,"1,500.00",DR,"17,312.38",CR
524,23-01-2025,23-01-2025,UPI/CRED/502329384396/payment on CRED,UPI-502394468295,"1,500.00",DR,"15,812.38",CR
525,25-01-2025,25-01-2025,UPI/CRED/502534163145/payment on CRED,UPI-502590576931,"1,500.00",DR,"14,312.38",CR
526,25-01-2025,25-01-2025,UPI/AAYUSHKUMARGUPT/502586505096/UPI,UPI-502594911405,"5,000.00",CR,"19,312.38",CR
527,27-01-2025,27-01-2025,UPI/CRED/502741045181/payment on CRED,UPI-502727718020,"1,500.00",DR,"17,812.38",CR
528,28-01-2025,28-01-2025,NACH-MUT-DR-ZERODHA BROKING LTD-HTWNU38X6R6W,NACHDR28012506300800,"7,000.00",DR,"10,812.38",CR
529,28-01-2025,28-01-2025,UPI/CRED/502842595109/payment on CRED,UPI-502860017486,"1,500.00",DR,"9,312.38",CR
530,29-01-2025,29-01-2025,UPI/CRED/502943772281/payment on CRED,UPI-502984542903,"1,500.00",DR,"7,812.38",CR
531,30-01-2025,30-01-2025,UPI/CRED/503046625178/payment on CRED,UPI-503040178640,"1,679.68",DR,"6,132.70",CR
532,30-01-2025,30-01-2025,SALARYTRANS,FCM-250130EY2HKX,"68,924.00",CR,"75,056.70",CR
533,31-01-2025,31-01-2025,UPI/RAKESH POPAT AH/539736665013/Paid via SuperM,UPI-503186870307,"3,200.00",DR,"71,856.70",CR
534,01-02-2025,01-02-2025,UPI/BHARAT SHIVAJI /539857337977/Paid via SuperM,UPI-503269038850,45.00,DR,"71,811.70",CR
535,02-02-2025,02-02-2025,UPI/NSK MAXX POPCOR/503357921550/Paid via CRED,UPI-503321621179,40.00,DR,"71,771.70",CR
536,02-02-2025,02-02-2025,UPI/Pizza And Kabab/539970971486/Paid via SuperM,UPI-503325814764,350.00,DR,"71,421.70",CR
537,02-02-2025,02-02-2025,UPI/BHARAT SHIVAJI /539972472879/Paid via SuperM,UPI-503332839414,70.00,DR,"71,351.70",CR
538,03-02-2025,03-02-2025,UPI/SOMESHRAMESHPAN/540023880379/UPI,UPI-503458734970,100.00,CR,"71,451.70",CR
539,03-02-2025,03-02-2025,UPI/Zerodha Broking/503482444034/237312860955769,UPI-503461148621,"2,500.00",DR,"68,951.70",CR
540,04-02-2025,04-02-2025,UPI/MOHITH S REDDY/503562029985/Paid via CRED,UPI-503596021896,"23,000.00",DR,"45,951.70",CR
541,05-02-2025,05-02-2025,UPI/PRAFUL KRISHNAR/503638310244/9th Feb photogr,UPI-503689272680,"1,000.00",DR,"44,951.70",CR
542,07-02-2025,07-02-2025,UPI/Mr RAMESH PUNDL/503869905853/Paid via CRED,UPI-503856907091,170.00,DR,"44,781.70",CR
543,10-02-2025,10-02-2025,UPI/RISHABH GUPTA/504177120310/Paid via CRED,UPI-504120131035,"3,000.00",DR,"41,781.70",CR
544,10-02-2025,10-02-2025,UPI/DHARMENDRA  KUM/504178722414/Paid via CRED,UPI-504160408980,"2,000.00",DR,"39,781.70",CR
545,10-02-2025,10-02-2025,UPI/Mr Dharmendra K/540793206174/UPI,UPI-504161211188,"2,000.00",DR,"37,781.70",CR
546,11-02-2025,11-02-2025,UPI/TEJU BAI BADOLI/504279136447/Paid via CRED,UPI-504270915528,"2,000.00",DR,"35,781.70",CR
547,12-02-2025,12-02-2025,NEFT AXISCN0915269799 NIPPON INDIA SMALL CAP FUND,NEFTINW-1122845509,501.00,CR,"36,282.70",CR
548,12-02-2025,12-02-2025,UPI/UBER INDIA SYST/145108900435/Pay via Razorpa,UPI-504361998988,91.36,DR,"36,191.34",CR
549,15-02-2025,15-02-2025,UPI/Bangalore Metro/541216862101/Paid via SuperM,UPI-504674570216,70.00,DR,"36,121.34",CR
550,15-02-2025,15-02-2025,UPI/Bangalore Metro/541216876050/Paid via SuperM,UPI-504674604935,30.00,DR,"36,091.34",CR
551,15-02-2025,15-02-2025,UPI/CHAI VENUE 02/541217340874/Paid via SuperM,UPI-504676498083,32.00,DR,"36,059.34",CR
552,15-02-2025,15-02-2025,UPI/IRCTC CF/100006750671/IRCTC TICKET BO,UPI-504678751106,236.80,DR,"35,822.54",CR
553,15-02-2025,15-02-2025,UPI/VIKETH C/504696259010/airtel wifi con,UPI-504679827795,"2,828.00",DR,"32,994.54",CR
554,15-02-2025,15-02-2025,UPI/SHAMSHUDDIN/541218566045/Paid via SuperM,UPI-504682072096,45.00,DR,"32,949.54",CR
555,15-02-2025,15-02-2025,UPI/IRCTC CF/100007578172/IRCTC TICKET BO,UPI-504686821507,268.15,DR,"32,681.39",CR
556,15-02-2025,15-02-2025,UPI/paddu center/541221977084/Merchant QR,UPI-504699140683,40.00,DR,"32,641.39",CR
557,15-02-2025,15-02-2025,UPI/CHAI VENUE 02/541222034585/Paid via SuperM,UPI-504699435280,18.00,DR,"32,623.39",CR
558,15-02-2025,15-02-2025,UPI/IRCTCCF/100009179737/UPIRefund,UPI-504603566088,45.00,CR,"32,668.39",CR
559,16-02-2025,16-02-2025,UPI/SUNITASAINIWOMU/541327787930/Paid via SuperM,UPI-504727361397,45.00,DR,"32,623.39",CR
560,16-02-2025,16-02-2025,UPI/CHAI VENUE 02/541327849492/Paid via SuperM,UPI-504727564082,18.00,DR,"32,605.39",CR
561,16-02-2025,16-02-2025,UPI/BMTC BUS KA01AR/541329613522/Paid via SuperM,UPI-504735705394,25.00,DR,"32,580.39",CR
562,16-02-2025,16-02-2025,UPI/Mr Pankaj Kumar/541330137380/Paid via SuperM,UPI-504738232573,30.00,DR,"32,550.39",CR
563,16-02-2025,16-02-2025,UPI/DOMINOS PIZZA/541330215420/Paid via SuperM,UPI-504738614589,124.95,DR,"32,425.44",CR
564,16-02-2025,16-02-2025,UPI/AMAR SINGH/541330745897/Pay to BharatPe,UPI-504741239827,20.00,DR,"32,405.44",CR
565,16-02-2025,16-02-2025,UPI/BMTC BUS KA57F1/541332535612/Pay to Merchant,UPI-504750542610,40.00,DR,"32,365.44",CR
566,16-02-2025,16-02-2025,UPI/CHAI VENUE 02/541332970403/Paid via SuperM,UPI-504752919637,18.00,DR,"32,347.44",CR
567,16-02-2025,16-02-2025,UPI/GOWRI GAJANAND /541335845819/Paid via SuperM,UPI-504766699374,"1,160.00",DR,"31,187.44",CR
568,17-02-2025,17-02-2025,UPI/BMTC BUS KA57F0/541438649594/Pay to Merchant,UPI-504881301232,25.00,DR,"31,162.44",CR
569,17-02-2025,17-02-2025,UPI/Sodexo Aditya B/541439186353/Paid via SuperM,UPI-504883238773,50.00,DR,"31,112.44",CR
570,17-02-2025,17-02-2025,UPI/ARCHITA GUPTA/504891943813/wakefit,UPI-504826409113,"24,400.00",DR,"6,712.44",CR
571,17-02-2025,17-02-2025,UPI/ABDUL BATEN/541448450760/Paid via SuperM,UPI-504828104439,46.00,DR,"6,666.44",CR
572,18-02-2025,18-02-2025,NACH-ECS-CR-NTPC-2-INT DIV 24-25-NT3101252613078,NACHDB18022506362100,2.50,CR,"6,668.94",CR
573,18-02-2025,18-02-2025,NACH-ECS-CR-CAMS 3INTDIV 24 25-305528,NACHDB18022512394300,245.00,CR,"6,913.94",CR
574,19-02-2025,19-02-2025,UPI/Sodexo Aditya B/541661353709/Paid via SuperM,UPI-505088483406,30.00,DR,"6,883.94",CR
575,19-02-2025,19-02-2025,UPI/CHAI FUSION CAF/541668230856/Paid via SuperM,UPI-505020474955,69.00,DR,"6,814.94",CR
576,19-02-2025,19-02-2025,UPI/SRI GAJANANA FR/541668692270/Paid via SuperM,UPI-505022581153,45.00,DR,"6,769.94",CR
577,21-02-2025,21-02-2025,UPI/Sodexo Aditya B/541882494002/Paid via SuperM,UPI-505288004279,100.00,DR,"6,669.94",CR
578,21-02-2025,21-02-2025,UPI/HARSHA DEEPAK B/505297583971/Paid via CRED,UPI-505295552109,"1,700.00",DR,"4,969.94",CR
579,21-02-2025,21-02-2025,UPI/VSJ ENTERPRISES/541885124681/Paid via SuperM,UPI-505299421358,20.00,DR,"4,949.94",CR
580,21-02-2025,21-02-2025,UPI/PUNEETH   KUMAR/541888225317/Paid via SuperM,UPI-505213956769,25.00,DR,"4,924.94",CR
581,22-02-2025,22-02-2025,UPI/C R RATHNAMMA/541996627159/Paid via SuperM,UPI-505354020588,35.00,DR,"4,889.94",CR
582,23-02-2025,23-02-2025,UPI/SUNITASAINIWOMU/505403311254/Paid via SuperM,UPI-505487227086,45.00,DR,"4,844.94",CR
583,23-02-2025,23-02-2025,UPI/CHAI VENUE 02/505403336094/Paid via SuperM,UPI-505487326830,18.00,DR,"4,826.94",CR
584,23-02-2025,23-02-2025,UPI/CHANDAN KUMAR S/505404137319/Paid via SuperM,UPI-505490676226,35.00,DR,"4,791.94",CR
585,23-02-2025,23-02-2025,UPI/ANILAKUMAR PARA/505404834894/Paid via SuperM,UPI-505493856184,171.00,DR,"4,620.94",CR
586,23-02-2025,23-02-2025,UPI/ABDUL   WAJID/505405496933/Paid via SuperM,UPI-505496893782,800.00,DR,"3,820.94",CR
587,23-02-2025,23-02-2025,UPI/UMAPATHI/542001235563/Paid via CRED a,UPI-505400688227,193.00,DR,"3,627.94",CR
588,23-02-2025,23-02-2025,UPI/NOV DIGITAL ENT/100049491416/UPI Mandate,UPI-505403925980,149.00,DR,"3,478.94",CR
589,23-02-2025,23-02-2025,UPI/Nandini/505409714878/Paid via SuperM,UPI-505418203835,24.00,DR,"3,454.94",CR
590,24-02-2025,24-02-2025,UPI/Sodexo Aditya B/505514205449/Paid via SuperM,UPI-505540194124,50.00,DR,"3,404.94",CR
591,24-02-2025,24-02-2025,UPI/KHABIRUL  ISLAM/505522949355/Paid via SuperM,UPI-505580976864,33.00,DR,"3,371.94",CR
592,25-02-2025,25-02-2025,UPI/Chai eraumiya/505627181168/Paid via SuperM,UPI-505601058355,109.00,DR,"3,262.94",CR
593,25-02-2025,25-02-2025,UPI/AJAZ PASHA/505632324597/Paid via SuperM,UPI-505625047942,"2,200.00",DR,"1,062.94",CR
594,25-02-2025,25-02-2025,UPI/XXXPGN KOTAK 81/505632341738/Paid via SuperM,UPI-505625128606,140.00,DR,922.94,CR
595,26-02-2025,26-02-2025,UPI/Sodexo Aditya B/505735993583/Paid via SuperM,UPI-505743811974,80.00,DR,842.94,CR
596,26-02-2025,26-02-2025,UPI/AAYUSHKUMARGUPT/505744264201/PaidviaSuperMon,UPI-505784196942,"7,000.00",CR,"7,842.94",CR
597,27-02-2025,27-02-2025,NACH-10-CR-NESTLEINDIALTD-00000000000000194591,NACHDB27022506330300,28.50,CR,"7,871.44",CR
598,27-02-2025,27-02-2025,UPI/SNEGHAM/505886941296/UPI,UPI-505810506701,200.00,CR,"8,071.44",CR
599,28-02-2025,28-02-2025,NACH-MUT-DR-INDIAN CLEARING CORP-0000001JIHD173T2,NACHDR28022506181300,"7,000.00",DR,"1,071.44",CR
600,28-02-2025,28-02-2025,UPI/ARCHITGUPTA/505930400250/UPI,UPI-505979750852,150.00,CR,"1,221.44",CR
601,03-03-2025,03-03-2025,NACH-10-CR-KFILINTDIV2425-00000000000000127654,NACHDB03032518484701,60.00,CR,"1,281.44",CR
602,03-03-2025,03-03-2025,Recd:IMPS/506220824208/PERFIOS SO/KKBK/X9432/hdfcL,IMPS-506220478459,1.00,CR,"1,282.44",CR
603,06-03-2025,06-03-2025,UPI/RZPX/646531000655/Supermoney Rewa,UPI-506506579337,95.75,CR,"1,378.19",CR
604,07-03-2025,07-03-2025,NACH-ECS-CR-ITC LIMITED-1855762,NACHDB07032512461200,130.00,CR,"1,508.19",CR
605,08-03-2025,08-03-2025,UPI/Nandini/543354163889/Paid via SuperM,UPI-506739070505,70.00,DR,"1,438.19",CR
606,09-03-2025,09-03-2025,UPI/Nandini/543468082726/Paid via SuperM,UPI-506815492670,24.00,DR,"1,414.19",CR
607,10-03-2025,10-03-2025,UPI/BMTC BUS KA57F0/543577556889/Pay to Merchant,UPI-506967068248,25.00,DR,"1,389.19",CR
608,10-03-2025,10-03-2025,UPI/Nandini/543580746805/Paid via SuperM,UPI-506983902415,26.00,DR,"1,363.19",CR
609,11-03-2025,11-03-2025,UPI/MAHESH  N/543683213914/Paid via SuperM,UPI-507098877870,129.00,DR,"1,234.19",CR
610,11-03-2025,11-03-2025,UPI/RANI KUMARI/543687520282/Paid via SuperM,UPI-507020715879,61.00,DR,"1,173.19",CR
611,11-03-2025,11-03-2025,UPI/Nandini/543690469766/Paid via SuperM,UPI-507036334882,53.00,DR,"1,120.19",CR
612,12-03-2025,12-03-2025,NEFT AXISCN0941716941 NIPPON INDIA SMALL CAP FUND,NEFTINW-1151035213,501.00,CR,"1,621.19",CR
613,12-03-2025,12-03-2025,UPI/Nandini/543797339354/Paid via SuperM,UPI-507174843133,60.00,DR,"1,561.19",CR
614,15-03-2025,15-03-2025,UPI/Country Delight/507424226924/OidcdJP95944352,UPI-507442583730,250.00,DR,"1,311.19",CR
615,15-03-2025,15-03-2025,UPI/MEGHA GUPTA/507434436982/UPI,UPI-507472616613,26.00,DR,"1,285.19",CR
616,15-03-2025,15-03-2025,UPI/POPCLUBPAYOUTS/507434437548/CashbackFTUE ca,UPI-507472620321,2.00,CR,"1,287.19",CR
617,15-03-2025,15-03-2025,UPI/POPCLUBPAYOUTS/507434438482/POP Cashback,UPI-507472625049,5.00,CR,"1,292.19",CR
618,17-03-2025,17-03-2025,UPI/Zerodha Broking/507653556297/273569153733193,UPI-507672785390,100.00,DR,"1,192.19",CR
619,23-03-2025,23-03-2025,UPI/LA PLAGE A UNIT/544829247554/Paid via SuperM,UPI-508260534096,110.00,DR,"1,082.19",CR
620,24-03-2025,24-03-2025,UPI/K RAMAKRISHNAN/544936987536/Paid via SuperM,UPI-508301170934,30.00,DR,"1,052.19",CR
621,25-03-2025,25-03-2025,UPI/VISHNU PRATHAP /545045872634/Paid via SuperM,UPI-508447582589,210.00,DR,842.19,CR
622,25-03-2025,25-03-2025,UPI/MRSALEEM ALLASA/545048271939/Paid via SuperM,UPI-508457117939,135.00,DR,707.19,CR
623,25-03-2025,25-03-2025,UPI/UMESH BISWAKARM/545053128890/Paid via SuperM,UPI-508479812188,72.00,DR,635.19,CR
624,26-03-2025,26-03-2025,UPI/MUKESH KUMAR CH/545184715583/commission,UPI-508515384228,"1,250.00",CR,"1,885.19",CR
625,27-03-2025,27-03-2025,UPI/Miss MEGHA  GUP/102162167048/UPI,UPI-508626033658,"7,000.00",CR,"8,885.19",CR
626,28-03-2025,28-03-2025,NACH-MUT-DR-ZERODHA BROKING LTD-JZPEFCBBZDEI,NACHDR28032506440000,"7,000.00",DR,"1,885.19",CR
627,28-03-2025,28-03-2025,UPI/UDUPI UPACHAR/545396430220/Paid via SuperM,UPI-508783403647,105.00,DR,"1,780.19",CR
628,28-03-2025,28-03-2025,UPI/SHRADDHA K HEGD/545396921060/Paid via SuperM,UPI-508785885548,180.00,DR,"1,600.19",CR
629,31-03-2025,31-03-2025,UPI/Mr SURESH K S/509030340309/Paid via SuperM,UPI-509064810477,50.00,DR,"1,550.19",CR
630,31-03-2025,31-03-2025,UPI/T S ASHOKA/509030811839/Paid via SuperM,UPI-509067155382,7.00,DR,"1,543.19",CR
631,01-04-2025,31-03-2025,Int.Pd:3649610333:01-01-2025 to 31-03-2025,,190.00,CR,"1,733.19",CR
Closing balance,"as on 31/03/2025   INR 1,733.19"
You may call our 24-hour Customer Contact Centre at our number 1860 266 2666
"Write to us at Customer Contact Centre. Kotak Mahindra Bank Ltd. Post Box Number 16344, Mumbai 400 013"
