,,Account Statement,,,,,,
AAYUSH KUMAR GUPTA,,,,,,,,
2 nd floor survey no 20 7,,,,Cust. Reln. No.,836844778,,,
Swamy legato,,,,Account No.,3649610333,,,
Kadubisanahalli,,,,Period,From 01/04/2024 To 30/06/2024,,,
Bengaluru,,,,Currency,INR,,,
Karnataka,,,,Branch,Bangalore - Bellandur,,,
India,,,,Nomination Regd,N,,,
560103,,,,Nominee Name,,,,
,,,,Joint Holder(S),,,,
,,,,IFSC,KKBK0008122,,,
,,,,MICR,560485104,,,
,,,,,,,,
Sl. No.,Transaction Date,Value Date,Description,Chq / Ref No.,Amount,Dr / Cr,Balance,Dr / Cr
1,02-04-2024,02-04-2024,UPI/AAYUSH KUMAR GU/409308961216/MB UPI,UPI-409309998911,"32,394.22",DR,"27,327.79",CR
2,02-04-2024,02-04-2024,UPI/AAYUSH KUMAR GU/409319949339/MB UPI,UPI-409337383180,"5,000.00",DR,"22,327.79",CR
3,04-04-2024,04-04-2024,UPI/AAYUSH KUMAR GU/409518581802/MB UPI,UPI-409528776615,"2,000.00",DR,"20,327.79",CR
4,07-04-2024,07-04-2024,UPI/AAYUSH KUMAR GU/409860235500/UPI,UPI-409862899692,"1,000.00",DR,"19,327.79",CR
5,08-04-2024,08-04-2024,UPI/Setu BrokenTusk/409900283744/Account Verific,UPI-409982397887,1,DR,"19,326.79",CR
6,09-04-2024,09-04-2024,UPI/AAYUSH KUMAR GU/410013514219/UPI,UPI-410032312885,"2,000.00",DR,"17,326.79",CR
7,10-04-2024,10-04-2024,UPI_CRADJ_U2_TDT_080424_409900283744_10APR2024_7C,FOS2410116195698,1,CR,"17,327.79",CR
8,12-04-2024,12-04-2024,UPI/Zerodha Broking/410380501907/448310154506035,UPI-410368028369,"10,000.00",DR,"7,327.79",CR
9,12-04-2024,12-04-2024,REV-UPI/Zerodha Broki/410380501907/,UPI-410368028369,"10,000.00",CR,"17,327.79",CR
10,12-04-2024,12-04-2024,Recd:IMPS/410309449048/ZERODHA BR/KKBK/X3413/IMPS,IMPS-410309546274,1,CR,"17,328.79",CR
11,12-04-2024,12-04-2024,UPI/Zerodha/410384058067/141141334036312,UPI-410370728449,"1,000.00",DR,"16,328.79",CR
12,12-04-2024,12-04-2024,UPI/CHINNA SWAMY  R/410353464865/UPI,UPI-410383081066,106,DR,"16,222.79",CR
13,13-04-2024,13-04-2024,UPI/AAYUSH KUMAR GU/410480092425/ADDMONEY,UPI-410407404025,15,DR,"16,207.79",CR
14,13-04-2024,13-04-2024,UPI/RAHUL AGARWAL/447012952315/UPI,UPI-410446243187,10,CR,"16,217.79",CR
15,14-04-2024,14-04-2024,UPI/Nagaraj  A/410511624982/UPI,UPI-410586296463,100,DR,"16,117.79",CR
16,14-04-2024,14-04-2024,UPI/KOMMURI JAGADIS/410512463371/UPI,UPI-410587186901,480,DR,"15,637.79",CR
17,15-04-2024,15-04-2024,UPI/ARCHIT GUPTA/410634004305/UPI,UPI-410699436335,400,CR,"16,037.79",CR
18,15-04-2024,15-04-2024,PG INDIAN CLEARING CORP,KPG-0207961683,"5,000.00",DR,"11,037.79",CR
19,16-04-2024,16-04-2024,UPI/ARCHIT GUPTA/410737012268/Paid via CRED a,UPI-410727177563,1,DR,"11,036.79",CR
20,16-04-2024,16-04-2024,UPI/ARCHIT GUPTA/410743282961/Paid via CRED a,UPI-410727196834,1,DR,"11,035.79",CR
21,16-04-2024,16-04-2024,UPI/ARCHIT GUPTA/447379909052/Paid via CRED a,UPI-410727209428,1,DR,"11,034.79",CR
22,16-04-2024,16-04-2024,UPI/MYNTRA DESIGNS /447367977121/UPIIntent,UPI-410727263456,"1,132.00",DR,"9,902.79",CR
23,16-04-2024,16-04-2024,UPI/AAYUSH KUMAR GU/410798005765/ADDMONEY,UPI-410727472476,"2,000.00",DR,"7,902.79",CR
24,16-04-2024,16-04-2024,UPI/Aditya Birla So/447341452275/Paid via CRED,UPI-410730517405,50,DR,"7,852.79",CR
25,16-04-2024,16-04-2024,UPI/PRASAD SHETTY/410746487309/UPI,UPI-410753505013,80,DR,"7,772.79",CR
26,16-04-2024,16-04-2024,Recd:IMPS/410720539655/FLIPKART I/KKBK/X1838/FT240,IMPS-410720299410,804,CR,"8,576.79",CR
27,17-04-2024,17-04-2024,UPI/Axis/410847142015/payment on CRED,UPI-410880607489,961,DR,"7,615.79",CR
28,17-04-2024,17-04-2024,UPI/NAANCHA HOSPITA/447416230941/Paid via CRED,UPI-410881614463,261,DR,"7,354.79",CR
29,17-04-2024,17-04-2024,UPI/SHIV NARAYAN YA/447451408669/Paid via CRED,UPI-410881819043,20,DR,"7,334.79",CR
30,17-04-2024,17-04-2024,UPI/SANSAR CENTRE/410871423165/Paid via CRED,UPI-410800710200,70,DR,"7,264.79",CR
31,21-04-2024,21-04-2024,UPI/Axis/447838732796/payment on CRED,UPI-411232483945,914,DR,"6,350.79",CR
32,21-04-2024,21-04-2024,MB:PAID CARD NUMBER XX3381,VPI-998702255557,736.9,DR,"5,613.89",CR
33,21-04-2024,21-04-2024,UPI/Lakshmi Prasad /447867321154/Paid via CRED,UPI-411255184961,91,DR,"5,522.89",CR
34,22-04-2024,22-04-2024,UPI/SUBRAT  TRIPATH/411356883255/UPI,UPI-411386562484,100,DR,"5,422.89",CR
35,25-04-2024,25-04-2024,UPI/TIBIL COMPUTER /448213133723/UPI,UPI-411615852629,50,DR,"5,372.89",CR
36,25-04-2024,25-04-2024,UPI/Google Play Sto/411674555803/MandateExecute,UPI-411633654884,199,DR,"5,173.89",CR
37,27-04-2024,27-04-2024,UPI/PRASAD SHETTY/411810615819/UPI,UPI-411805909220,75,DR,"5,098.89",CR
38,29-04-2024,29-04-2024,SALARYTRANS,FCM-240429A2GACP,"67,921.00",CR,"73,019.89",CR
39,30-04-2024,30-04-2024,UPI/AAYUSH KUMAR GU/412101194543/MB UPI,UPI-412197377352,"35,000.00",DR,"38,019.89",CR
40,30-04-2024,30-04-2024,UPI/HAKEEM HADI MAQ/412140848489/UPI,UPI-412108919181,10,CR,"38,029.89",CR
41,30-04-2024,30-04-2024,UPI/AJAY/412114749591/UPI,UPI-412123016398,30,DR,"37,999.89",CR
42,30-04-2024,30-04-2024,UPI/DIGVIJAY/412125769450/Pay to BharatPe,UPI-412123252947,40,DR,"37,959.89",CR
43,05-05-2024,05-05-2024,UPI/NELABALLI PRADE/412652501217/PG fees,UPI-412645792069,"15,000.00",DR,"22,959.89",CR
44,05-05-2024,05-05-2024,UPI/Axis/449260771925/payment on CRED,UPI-412648626420,"14,728.00",DR,"8,231.89",CR
45,06-05-2024,06-05-2024,UPI/SUBRAT  TRIPATH/412789253690/UPI,UPI-412781466883,190,DR,"8,041.89",CR
46,07-05-2024,07-05-2024,UPI/Mr ANANDA M/412842830199/UPI,UPI-412830330650,80,DR,"7,961.89",CR
47,08-05-2024,08-05-2024,UPI/IRCTC CF/412954399010/IRCTC TICKET BO,UPI-412963218264,102.25,DR,"7,859.64",CR
48,09-05-2024,09-05-2024,UPI/MYNTRA DESIGNS /413012109533/Upi Transaction,UPI-413010847018,"1,552.00",DR,"6,307.64",CR
49,09-05-2024,09-05-2024,UPI/MYNTRA DESIGNS /413013204545/Upi Transaction,UPI-413013382380,586,DR,"5,721.64",CR
50,09-05-2024,09-05-2024,UPI/DIGVATSA B PRAS/413037819772/Fig n Honey,UPI-413013492964,80,CR,"5,801.64",CR
51,09-05-2024,09-05-2024,UPI/FASHNEAR TECHNO/413022739497/Upi Transaction,UPI-413038591255,499,DR,"5,302.64",CR
52,09-05-2024,09-05-2024,UPI/RAHUL AGARWAL/413054534680/UPI,UPI-413038982848,140,DR,"5,162.64",CR
53,10-05-2024,10-05-2024,UPI/MYNTRA DESIGNS /413104841243/Refund for UPI,UPI-413143346628,586,CR,"5,748.64",CR
54,10-05-2024,10-05-2024,UPI/TIBIL COMPUTER /449713898460/UPI,UPI-413172776579,50,DR,"5,698.64",CR
55,12-05-2024,12-05-2024,UPI/Pratiksha  Sukl/413341681020/UPI,UPI-413345628051,71,DR,"5,627.64",CR
56,12-05-2024,12-05-2024,UPI/RAJASTHAN SWEET/413380778188/Pay to BharatPe,UPI-413351348923,20,DR,"5,607.64",CR
57,13-05-2024,13-05-2024,UPI/RAJASTHAN SWEET/413435241644/Pay to BharatPe,UPI-413498128688,25,DR,"5,582.64",CR
58,14-05-2024,14-05-2024,UPI/AJAY/413501873334/UPI,UPI-413539817150,30,DR,"5,552.64",CR
59,15-05-2024,15-05-2024,UPI/MOHD HASHIM/450243483393/Pay to BharatPe,UPI-413683896062,160,DR,"5,392.64",CR
60,16-05-2024,16-05-2024,UPI/FASHNEAR TECHNO/413713392397/Refund for UPI,UPI-413713144750,499,CR,"5,891.64",CR
61,16-05-2024,16-05-2024,UPI/DIGVATSA B PRAS/450353592087/Spanish Delight,UPI-413733274462,70,CR,"5,961.64",CR
62,17-05-2024,17-05-2024,UPI/AAYUSH KUMAR GU/413856144623/Self transfer,UPI-413850836402,180,CR,"6,141.64",CR
63,17-05-2024,17-05-2024,UPI/AAYUSH KUMAR GU/413856342655/Self transfer,UPI-413852012337,1,CR,"6,142.64",CR
64,17-05-2024,17-05-2024,UPI/AAYUSH KUMAR GU/413859249444/Self transfer,UPI-413871782795,"1,000.00",CR,"7,142.64",CR
65,20-05-2024,20-05-2024,UPI/ANANDA  M/414156843995/UPI,UPI-414187100779,35,DR,"7,107.64",CR
66,21-05-2024,21-05-2024,UPI/MADHAMSETTY SAI/414290962755/UPI,UPI-414218811210,240,DR,"6,867.64",CR
67,21-05-2024,21-05-2024,Recd:IMPS/414213288543/Jupiter/KKBK/X8710/Penny,IMPS-414213451960,1,CR,"6,868.64",CR
68,22-05-2024,22-05-2024,UPI/Axis/414318591881/payment on CRED,UPI-414354582413,253,DR,"6,615.64",CR
69,24-05-2024,24-05-2024,UPI/TIBIL COMPUTER /451100723823/Paid via CRED,UPI-414557456954,50,DR,"6,565.64",CR
70,24-05-2024,24-05-2024,UPI/KANTHARAJU/414559692109/UPI,UPI-414560162003,86,DR,"6,479.64",CR
71,25-05-2024,25-05-2024,UPI/Komal  Kumari/451267616384/UPI,UPI-414670364266,5,DR,"6,474.64",CR
72,27-05-2024,27-05-2024,UPI/RAHUL AGARWAL/414855624067/UPI,UPI-414863182190,135,DR,"6,339.64",CR
73,29-05-2024,29-05-2024,PG INDIAN CLEARING CORP,KPG-0210367493,"5,000.00",DR,"1,339.64",CR
74,30-05-2024,30-05-2024,UPI/SHRADDHA K HEGD/415101008971/UPI,UPI-415194274131,450,DR,889.64,CR
75,30-05-2024,30-05-2024,SALARYTRANS,FCM-240530AO2J65,"67,921.00",CR,"68,810.64",CR
76,30-05-2024,30-05-2024,UPI/RAHUL AGARWAL/415106674021/UPI,UPI-415198862773,70,DR,"68,740.64",CR
77,30-05-2024,30-05-2024,UPI/NELABALLI PRADE/415110471261/Rent June 2024,UPI-415102219635,"15,000.00",DR,"53,740.64",CR
78,30-05-2024,30-05-2024,UPI/DIGVIJAY/415148486279/Pay to BharatPe,UPI-415104493020,30,DR,"53,710.64",CR
79,30-05-2024,30-05-2024,ATL/4395/504433/+OUTER RING ROADBENGAL300524/22:26,4.15122E+11,"3,000.00",DR,"50,710.64",CR
80,30-05-2024,30-05-2024,UPI/M BHOOPAL/415186393331/UPI,UPI-415109283089,280,DR,"50,430.64",CR
81,31-05-2024,31-05-2024,UPI/ANANDA PAVABA D/415227527561/UPI,UPI-415219357268,15,DR,"50,415.64",CR
82,01-06-2024,01-06-2024,UPI/MANGAL BABAN CH/415308665779/UPI,UPI-415371787163,60,DR,"50,355.64",CR
83,02-06-2024,02-06-2024,UPI/HOTEL KRISHNA R/415435780407/hotel booking,UPI-415420220440,500,DR,"49,855.64",CR
84,02-06-2024,02-06-2024,UPI/HOTEL KRISHNA R/415453362758/hotel booking,UPI-415436002435,"1,300.00",DR,"48,555.64",CR
85,03-06-2024,03-06-2024,UPI/ANIL KUMAR BHAW/415599585093/UPI,UPI-415574615483,40,DR,"48,515.64",CR
86,03-06-2024,03-06-2024,REV-UPI/ANIL KUMAR BH/415599585093/,UPI-415574615483,40,CR,"48,555.64",CR
87,04-06-2024,04-06-2024,UPI/Axis/415600362923/payment on CRED,UPI-415686691395,"6,931.19",DR,"41,624.45",CR
88,04-06-2024,04-06-2024,NEFT FDRLH24156013040 CURRENT ACCOUNT GENERAL FDR,NEFTINW-0872796286,4,CR,"41,628.45",CR
89,09-06-2024,09-06-2024,UPI/IRCTC CF/416156140207/IRCTC TICKET BO,UPI-416111378415,142.25,DR,"41,486.20",CR
90,10-06-2024,10-06-2024,NACH-MUT-DR-INDIAN CLEARING CORP-P33751105X081016,NACHDR10062400228046,"5,000.00",DR,"36,486.20",CR
91,12-06-2024,12-06-2024,UPI/AAYUSH KUMAR GU/416418674665/UPI,UPI-416439248587,1,CR,"36,487.20",CR
92,12-06-2024,12-06-2024,UPI/AAYUSH KUMAR GU/416418731041/UPI,UPI-416439277263,"30,000.00",CR,"66,487.20",CR
93,12-06-2024,12-06-2024,PG INDIAN CLEARING CORP,KPG-0211218541,"50,000.00",DR,"16,487.20",CR
94,15-06-2024,15-06-2024,UPI/MOHAMMAD ZUBAIR/416781769261/Paid via CRED a,UPI-416771814629,58,DR,"16,429.20",CR
95,17-06-2024,17-06-2024,UPI/NITHIN KUMARSBA/416977527955/Paid via CRED,UPI-416969215279,40,DR,"16,389.20",CR
96,17-06-2024,17-06-2024,UPI/MR SHIBASHIS AC/453567199695/UPI,UPI-416976597833,121,DR,"16,268.20",CR
97,18-06-2024,18-06-2024,UPI/PRASHANTAKUMAR /417051243536/Paid via CRED a,UPI-417015497229,76,DR,"16,192.20",CR
98,18-06-2024,18-06-2024,UPI/Mr Gollapalli S/417049039574/UPI,UPI-417027752869,97,DR,"16,095.20",CR
99,22-06-2024,22-06-2024,UPI/CRED TELECOM/417421161340/payment on CRED,UPI-417459024847,148,DR,"15,947.20",CR
100,22-06-2024,22-06-2024,UPI/MUHAMED FAIS/417486223766/Paid via CRED,UPI-417466400168,20,DR,"15,927.20",CR
101,23-06-2024,23-06-2024,UPI/Muktikanta Das/417569461334/Paid via CRED,UPI-417598510157,102,DR,"15,825.20",CR
102,25-06-2024,25-06-2024,UPI/RAJASTHAN SWEET/417759933152/Pay to BharatPe,UPI-417701074792,20,DR,"15,805.20",CR
103,25-06-2024,25-06-2024,UPI/DIGVIJAY/417760067319/Pay to BharatPe,UPI-417701182532,30,DR,"15,775.20",CR
104,26-06-2024,26-06-2024,UPI/RAJASTHAN SWEET/417805689554/Pay to BharatPe,UPI-417840142641,25,DR,"15,750.20",CR
105,27-06-2024,27-06-2024,SALARYTRANS,FCM-240627B9GRNI,"67,921.00",CR,"83,671.20",CR
106,27-06-2024,27-06-2024,UPI/DIGVIJAY/417945115673/Pay to BharatPe,UPI-417984821646,40,DR,"83,631.20",CR
107,28-06-2024,28-06-2024,UPI/magicpin/418076506325/UPIIntent,UPI-418012329783,475,DR,"83,156.20",CR
108,29-06-2024,29-06-2024,UPI/HARISH KUMARA G/418157819156/Paid via CRED,UPI-418173112365,74,DR,"83,082.20",CR
109,29-06-2024,29-06-2024,UPI/Meghana Foods M/418116124587/UPI,UPI-418175511041,950,DR,"82,132.20",CR
110,29-06-2024,29-06-2024,UPI/RAHUL AGARWAL/454729322324/UPI,UPI-418175935597,500,CR,"82,632.20",CR
111,29-06-2024,29-06-2024,UPI/RAHUL AGARWAL/454726714939/UPI,UPI-418175940837,27,CR,"82,659.20",CR
112,30-06-2024,30-06-2024,UPI/MOHD HASHIM/418202403918/Pay to BharatPe,UPI-418282976465,160,DR,"82,499.20",CR
113,30-06-2024,30-06-2024,UPI/RAJASTHAN SWEET/418205629025/Pay to BharatPe,UPI-418201111733,25,DR,"82,474.20",CR
114,01-07-2024,30-06-2024,Int.Pd:3649610333:01-04-2024 to 30-06-2024,,188,CR,"82,662.20",CR
Opening balance,"as on 01/04/2024   INR 59,722.01",,,,,,,
Closing balance,"as on 30/06/2024   INR 82,662.20",,,,,,,
You may call our 24-hour Customer Contact Centre at our number 1860 266 2666,,,,,,,,
"Write to us at Customer Contact Centre. Kotak Mahindra Bank Ltd. Post Box Number 16344, Mumbai 400 013",,,,,,,,
