Account Name       :                ,Mr. AAYUSH KUMAR GUPTA,,,,,
Address            :,FLAT NO D 07 ISHWAR PARADISE ASHOKA,,,,,
                                    ,MARG BEHIND FAME THEATRE ASHOKA MARG,,,,,
                                    ,NASHIK-422011,,,,,
                                    ,Nashik,,,,,
Date               :                ,31-Mar-25,,,,,
Account Number     :,_00000020276981227,,,,,
Account Description:,REGULAR SB CHQ-INDIVIDUALS,,,,,
Branch             :,"SHIVAJI NAGAR, NASIK",,,,,
Drawing Power      :,0,,,,,
Interest Rate(% p.a.):,2.7,,,,,
MOD Balance      :,0,,,,,
CIF No.          :,_88071759834,,,,,
IFS (Indian Financial System) Code         :,SBIN0011669,,,,,
CKYCR Number          :,,,,,,
MICR (Magnetic Ink Character Recognition)  Code        :,_422002020,,,,,
Nomination Registered    :,Yes ,,,,,
Balance on 1 Apr 2024        :,"52,605.78",,,,,
Start Date          :,01-Apr-24,,,,,
End Date            :,31-Mar-25,,,,,
Txn Date,Value Date,Description,Ref No./Cheque No.,        Debit,Credit,Balance
01-Apr-24,01-Apr-24,   TO TRANSFER-UPI/DR/409241614305/NELABALL/UTIB/alphalivin/UPI--,TRANSFER TO 4897690162095,"15,000.00", ,"37,605.78"
02-Apr-24,02-Apr-24,   BY TRANSFER-UPI/CR/409308961216/AAYUSH K/KKBK/9594435259/MB UP--,TRANSFER FROM 4897733162090, ,"32,394.22","70,000.00"
02-Apr-24,02-Apr-24,   BY TRANSFER-UPI/CR/409364666330/ADARSH N/HDFC/adusma02-1/UPI--,TRANSFER FROM 4897733162090, ,590,"70,590.00"
02-Apr-24,02-Apr-24,   BY TRANSFER-UPI/CR/409364703330/K PRAMOD/HDFC/kpramodkri/UPI--,TRANSFER FROM 4897733162090, ,590,"71,180.00"
02-Apr-24,02-Apr-24,   BY TRANSFER-UPI/CR/445977564613/ADARSH K M/UTIB/coorgadars/Pay--,TRANSFER FROM 4897733162090, ,590,"71,770.00"
02-Apr-24,02-Apr-24,   BY TRANSFER-UPI/CR/445927539114/MONISH K/ICIC/8296488092/Payme--,TRANSFER FROM 4897733162090, ,590,"72,360.00"
02-Apr-24,02-Apr-24,   BY TRANSFER-UPI/CR/409341661367/SHASHANK/HDFC/9880498899/Sent--,TRANSFER FROM 4897733162090, ,590,"72,950.00"
06-Apr-24,06-Apr-24,   BY TRANSFER-NEFT*YESB0000001*YESB40973500546*ZERODHA BROKING L--,TRANSFER FROM 4697175044306, ,11.5,"72,961.50"
07-Apr-24,07-Apr-24,   TO TRANSFER-UPI/DR/409845869033/Ajithkumar/KKBK/6383724961/Sen--,TRANSFER TO 4897696162090,58, ,"72,903.50"
10-Apr-24,10-Apr-24,   BY TRANSFER-UPI/CR/446766838451/MOHANA P/KKBK/7904299233/Payme--,TRANSFER FROM 4897734162099, ,100,"73,003.50"
15-Apr-24,15-Apr-24,   TO TRANSFER-UPI/DR/410617540948/ARCHIT G/UTIB/archit4801/UPI--,TRANSFER TO 4897690162095,"21,000.00", ,"52,003.50"
23-Apr-24,23-Apr-24,   BY TRANSFER-UPI/CR/411456275014/AAYUSH K/FDRL/9594435259/Sent--,TRANSFER FROM 4897733162090, ,"1,950.19","53,953.69"
28-Apr-24,28-Apr-24,   TO TRANSFER-UPI/DR/448503591089/Zerodha/YESB/zerodhabro/501854--,TRANSFER TO 4897696162090,"10,000.00", ,"43,953.69"
30-Apr-24,30-Apr-24,   BY TRANSFER-UPI/CR/412101194543/AAYUSH K/KKBK/9594435259/MB UP--,TRANSFER FROM 4897733162090, ,"35,000.00","78,953.69"
09-May-24,09-May-24,   TO TRANSFER-UPI/DR/413028375248/Tobox Ve/YESB/paytm-1446/UPI--,TRANSFER TO 4897693162093,85, ,"78,868.69"
09-May-24,09-May-24,   TO TRANSFER-UPI/DR/413028434538/Tobox Ve/YESB/paytm-1446/UPI--,TRANSFER TO 4897693162093,135, ,"78,733.69"
09-May-24,09-May-24,   TO TRANSFER-UPI/DR/413030079091/Tobox Ve/YESB/paytm-1446/UPI--,TRANSFER TO 4897693162093,99, ,"78,634.69"
09-May-24,09-May-24,   TO TRANSFER-UPI/DR/413031032292/Tobox Ve/YESB/paytm-1446/UPI--,TRANSFER TO 4897693162093,270, ,"78,364.69"
09-May-24,09-May-24,   BY TRANSFER-UPI/CR/449613145879/SARGARAJ/KKBK/8590554623/Payme--,TRANSFER FROM 4897735162098, ,185,"78,549.69"
17-May-24,17-May-24,   BULK POSTING-ACHCr NACH00000000006422 LAURUS LABS LI--,, ,16,"78,565.69"
17-May-24,17-May-24,   BY TRANSFER-UPI/CR/450405067757/MOHANA P/KKBK/7904299233/Payme--,TRANSFER FROM 4897736162097, ,90,"78,655.69"
28-May-24,28-May-24,   TO TRANSFER-UPI/DR/414914812788/DIGVATSA/FDRL/digvatsa-1/murud--,TRANSFER TO 4897691162095,"5,380.00", ,"73,275.69"
03-Jun-24,03-Jun-24,   TO TRANSFER-UPI/DR/415599577481/ANIL KUM/BKID/9685883055/UPI--,TRANSFER TO 4897690162095,40, ,"73,235.69"
03-Jun-24,03-Jun-24,   BY TRANSFER-UPI/REV/415599577481--,TRANSFER FROM 4897690162095, ,40,"73,275.69"
09-Jun-24,09-Jun-24,   TO TRANSFER-UPI/DR/452792884479/1/UTIB/7774977758/UPI--,TRANSFER TO 4897696162090,200, ,"73,075.69"
10-Jun-24,10-Jun-24,   BY TRANSFER-NEFT*ICIC0099999*CMS4218149841*CENTRAL DEPOSITORY--,TRANSFER FROM 4698186044305, ,122.22,"73,197.91"
12-Jun-24,12-Jun-24,   TO TRANSFER-UPI/DR/416418674665/AAYUSH K/KKBK/aayush20gu/UPI--,TRANSFER TO 4897692162094,1, ,"73,196.91"
12-Jun-24,12-Jun-24,   TO TRANSFER-UPI/DR/416418731041/AAYUSH K/KKBK/aayush20gu/UPI--,TRANSFER TO 4897692162094,"30,000.00", ,"43,196.91"
18-Jun-24,18-Jun-24,   BY TRANSFER-UPI/CR/453670031804/SUBRAT  /KKBK/7809763739/Payme--,TRANSFER FROM 4897733162090, ,500,"43,696.91"
25-Jun-24,25-Jun-24,   TO TRANSFER-UPI/DR/454324852197/Amazon Pay/UTIB/amazonpayb/Req--,TRANSFER TO 4897691162095,258, ,"43,438.91"
25-Jun-24,25-Jun-24,   CREDIT INTEREST---,, ,441,"43,879.91"
28-Jun-24,28-Jun-24,   BULK POSTING-ACHCr NACH00000000060732 LTIMIN FINAL 2--,, ,45,"43,924.91"
03-Jul-24,03-Jul-24,   BY TRANSFER-NEFT*YESB0000001*YESEB41852119137*ZERODHA BROKING--,TRANSFER FROM 4697208044301, ,"11,373.59","55,298.50"
06-Jul-24,06-Jul-24,   TO TRANSFER-INB Deposit / Investment---,IF41863228               TRANSFER TO 39706255133  ,"5,600.00", ,"49,698.50"
13-Jul-24,13-Jul-24,   TO TRANSFER-UPI/DR/419523703783/Air Indi/YESB/paytm-flig/Oid23--,TRANSFER TO 4897695162091,"4,745.00", ,"44,953.50"
13-Jul-24,13-Jul-24,   TO TRANSFER-UPI/DR/419519992874/Lila Gay/YESB/paytmqr281/UPI--,TRANSFER TO 4897695162091,35, ,"44,918.50"
14-Jul-24,14-Jul-24,   BY TRANSFER-UPI/CR/419699887552/AAYUSH K/KKBK/9594435259/Paid--,TRANSFER FROM 4897738162095, ,10,"44,928.50"
14-Jul-24,14-Jul-24,   BY TRANSFER-UPI/CR/419685377480/AAYUSH K/KKBK/9594435259/Paid--,TRANSFER FROM 4897738162095, ,10,"44,938.50"
15-Jul-24,15-Jul-24,   BY TRANSFER-UPI/CR/456306761444/MANDEM B/UBIN/984546939@/Payme--,TRANSFER FROM 4897732162091, ,500,"45,438.50"
19-Jul-24,19-Jul-24,   BULK POSTING-ACHCr ICIC02860000005377 CAMSL FINALDIV--,, ,346.5,"45,785.00"
30-Jul-24,30-Jul-24,   BULK POSTING-ACHCr IBKL00249000010274 ITC LIMITED--,, ,150,"45,935.00"
05-Aug-24,05-Aug-24,   TO TRANSFER-UPI/DR/421831301082/Flipkart/YESB/paytm-5650/OD331--,TRANSFER TO 4897690162095,428, ,"45,507.00"
06-Aug-24,06-Aug-24,   BULK POSTING-ACHCr HDFC00781000009637 NESTLE INDIA L--,, ,22.5,"45,529.50"
21-Aug-24,21-Aug-24,   BULK POSTING-ACHCr NACH00000000020087 CDSL FNLDIV 20--,, ,110,"45,639.50"
23-Aug-24,23-Aug-24,   BULK POSTING-ACHCr ICIC02860000005377 CAMS Int Div 2--,, ,231,"45,870.50"
25-Aug-24,25-Aug-24,   TO TRANSFER-UPI/DR/423899021601/Flipkart/YESB/paytm-5650/OD332--,TRANSFER TO 4897690162095,793, ,"45,077.50"
27-Aug-24,27-Aug-24,   BY TRANSFER-UPI/CR/460688790062/SUBRAT  /KKBK/7809763739/Payme--,TRANSFER FROM 4897734162099, ,220,"45,297.50"
29-Aug-24,29-Aug-24,   BULK POSTING-C24914540661     43004001104RELIANCE INDUSTRIES LI--,, ,30,"45,327.50"
02-Sep-24,02-Sep-24,   BULK POSTING-ACHCr HDFC01346000011215 CHAMBAL FERTIL--,, ,15,"45,342.50"
05-Sep-24,05-Sep-24,   BY TRANSFER-UPI/CR/424929034375/Flipkart/YESB/paytm-5650/expre--,TRANSFER FROM 4897736162097, ,311,"45,653.50"
08-Sep-24,08-Sep-24,   BY TRANSFER-UPI/CR/461895870034/SARGARAJ/KKBK/8590554623/Payme--,TRANSFER FROM 4897732162091, ,450,"46,103.50"
18-Sep-24,18-Sep-24,   TO TRANSFER-UPI/DR/426272794756/Magicpin/YESB/paytm-7078/NA--,TRANSFER TO 4897693162093,292, ,"45,811.50"
20-Sep-24,20-Sep-24,   TO TRANSFER-UPI/DR/426464384963/95944352/KKBK/9594435259/Paid--,TRANSFER TO 4897695162091,20, ,"45,791.50"
22-Sep-24,22-Sep-24,   TO TRANSFER-UPI/DR/426646898572/ICCL ZER/HDFC/zerodhamf@/MO6Lr--,TRANSFER TO 4897690162095,"1,000.00", ,"44,791.50"
25-Sep-24,25-Sep-24,   CREDIT INTEREST---,, ,313,"45,104.50"
27-Sep-24,27-Sep-24,   TO TRANSFER-UPI/DR/427150564794/Flipkart/YESB/paytm-5650/OD332--,TRANSFER TO 4897695162091,312, ,"44,792.50"
27-Sep-24,27-Sep-24,   BY TRANSFER-UPI/CR/427119846895/Flipkart/YESB/paytm-5650/expre--,TRANSFER FROM 4897737162096, ,312,"45,104.50"
30-Sep-24,30-Sep-24,   BY TRANSFER-UPI/CR/464034324525/SARGARAJ/KKBK/8590554623/Payme--,TRANSFER FROM 4897733162090, ,80,"45,184.50"
01-Oct-24,01-Oct-24,   BY TRANSFER-UPI/CR/464127986188/SARGARAJ/KKBK/8590554623/Payme--,TRANSFER FROM 4897734162099, ,35,"45,219.50"
03-Oct-24,03-Oct-24,   TO TRANSFER-UPI/DR/427718384277/Indian C/YESB/icclzerodh/Merch--,TRANSFER TO 4897694162092,"5,000.00", ,"40,219.50"
03-Oct-24,03-Oct-24,   TO TRANSFER-UPI/DR/427704876685/Indian C/YESB/icclzerodh/Merch--,TRANSFER TO 4897694162092,"5,000.00", ,"35,219.50"
03-Oct-24,03-Oct-24,   TO TRANSFER-UPI/DR/427736335018/Indian C/YESB/icclzerodh/Merch--,TRANSFER TO 4897694162092,"3,000.00", ,"32,219.50"
03-Oct-24,03-Oct-24,   TO TRANSFER-UPI/DR/427755036793/Indian C/YESB/icclzerodh/Merch--,TRANSFER TO 4897694162092,"9,000.00", ,"23,219.50"
03-Oct-24,03-Oct-24,   BY TRANSFER-UPI/CR/427826295007/AAYUSH K/KKBK/9594435259/Paid--,TRANSFER FROM 4897737162096, ,"22,000.00","45,219.50"
05-Oct-24,05-Oct-24,   BY TRANSFER-NEFT*YESB0000001*YESF342791374688*ZERODHA BROKING--,TRANSFER FROM 4698161044304, ,"3,078.82","48,298.32"
07-Oct-24,07-Oct-24,   TO TRANSFER-UPI/DR/428119389665/Indian C/YESB/icclzerodh/Merch--,TRANSFER TO 4897691162095,"5,000.00", ,"43,298.32"
19-Oct-24,19-Oct-24,   BY TRANSFER-UPI/CR/429322739022/AKHILESH/BKID/9850713655/NA--,TRANSFER FROM 4897738162095, ,30,"43,328.32"
22-Oct-24,22-Oct-24,   BULK POSTING-ACHCr HDFC01281000011076 KFILFNL2023202--,, ,50,"43,378.32"
21-Nov-24,21-Nov-24,   BY TRANSFER-UPI/CR/301256860443/SARGARAJ/KKBK/8590554623/Payme--,TRANSFER FROM 4897736162097, ,120,"43,498.32"
09-Dec-24,09-Dec-24,   BY TRANSFER-UPI/CR/471025988613/MR AKHIL/BDBL/9850713655/Paan--,TRANSFER FROM 4897733162090, ,20,"43,518.32"
10-Dec-24,10-Dec-24,   BY TRANSFER-NEFT*INDB0000006*INDBN10121746567*Upwork Escrow In--,TRANSFER FROM 4697182044307, ,"2,084.26","45,602.58"
25-Dec-24,25-Dec-24,   CREDIT INTEREST---,, ,296,"45,898.58"
25-Jan-25,25-Jan-25,   TO TRANSFER-UPI/DR/502586505096/AAYUSH K/KKBK/aayush20gu/UPI--,TRANSFER TO 4897696162090,"5,000.00", ,"40,898.58"
15-Feb-25,15-Feb-25,   TO TRANSFER-UPI/DR/504622528478/Ola Money/AIRP/olamoney85/OlaM--,TRANSFER TO 4897696162090,45, ,"40,853.58"
16-Feb-25,16-Feb-25,   TO TRANSFER-UPI/DR/541214384962/ZipcashC/ICIC/olamoney1./UPI--,TRANSFER TO 4897696162090,38, ,"40,815.58"
23-Feb-25,23-Feb-25,   TO TRANSFER-UPI/DR/505411355992/ABDUL   /KKBK/wajidabdul/Paid--,TRANSFER TO 4897690162095,"15,250.00", ,"25,565.58"
25-Feb-25,25-Feb-25,   TO TRANSFER-UPI/DR/505633062031/Centro B/JIOP/2433862754/Paid--,TRANSFER TO 4897692162094,606.54, ,"24,959.04"
26-Feb-25,26-Feb-25,   TO TRANSFER-UPI/DR/505741741934/BALAJI   P/KKBK/8310492587/Pai--,TRANSFER TO 4897693162093,78, ,"24,881.04"
26-Feb-25,26-Feb-25,   TO TRANSFER-UPI/DR/505741790992/Indian R/SBIN/railsbiupi/Paid--,TRANSFER TO 4897693162093,10, ,"24,871.04"
26-Feb-25,26-Feb-25,   TO TRANSFER-UPI/DR/505742100245/PRABHAKA/YESB/q696652558/Paid--,TRANSFER TO 4897693162093,5, ,"24,866.04"
26-Feb-25,26-Feb-25,   TO TRANSFER-UPI/DR/505743429140/GURUPRAS/HDFC/9019299663/Paid--,TRANSFER TO 4897693162093,440, ,"24,426.04"
26-Feb-25,26-Feb-25,   TO TRANSFER-UPI/DR/505744264201/95944352/KKBK/9594435259/Paid--,TRANSFER TO 4897693162093,"7,000.00", ,"17,426.04"
27-Feb-25,27-Feb-25,   BY TRANSFER-UPI/CR/100659299986/Miss MEG/CBIN/meghaghati/UPI--,TRANSFER FROM 4897736162097, ,"20,000.00","37,426.04"
28-Feb-25,28-Feb-25,   TO TRANSFER-UPI/DR/505965484086/Centro B/JIOP/2433862747/Paid--,TRANSFER TO 4897695162091,140.3, ,"37,285.74"
28-Feb-25,28-Feb-25,   TO TRANSFER-UPI/DR/505965636812/Centro B/JIOP/2433862747/Paid--,TRANSFER TO 4897695162091,100, ,"37,185.74"
01-Mar-25,01-Mar-25,   TO TRANSFER-UPI/DR/506067172276/Nandini/YESB/paytm.s1au/Paid v--,TRANSFER TO 4897696162090,50, ,"37,135.74"
01-Mar-25,01-Mar-25,   TO TRANSFER-UPI/DR/542611346817/CRED/UTIB/cred.rent@/payment--,TRANSFER TO 4897696162090,"23,000.00", ,"14,135.74"
01-Mar-25,01-Mar-25,   TO TRANSFER-UPI/DR/542613134435/CRED/UTIB/cred.club@/payment--,TRANSFER TO 4897696162090,"1,000.00", ,"13,135.74"
02-Mar-25,02-Mar-25,   TO TRANSFER-UPI/DR/542714000294/CRED/UTIB/cred.club@/payment--,TRANSFER TO 4897690162095,"1,000.00", ,"12,135.74"
02-Mar-25,02-Mar-25,   TO TRANSFER-UPI/DR/542714024668/Nandini/YESB/paytm.s1au/Paid v--,TRANSFER TO 4897690162095,50, ,"12,085.74"
02-Mar-25,02-Mar-25,   TO TRANSFER-UPI/DR/506180899388/SWAPNA B/SBIN/dh589246@o/Paid--,TRANSFER TO 4897690162095,100, ,"11,985.74"
02-Mar-25,02-Mar-25,   TO TRANSFER-UPI/DR/506184220005/HANAMANT/BKID/hanuman297/Paid--,TRANSFER TO 4897690162095,105, ,"11,880.74"
02-Mar-25,02-Mar-25,   TO TRANSFER-UPI/DR/506185847363/SHIVANNA D/CNRB/9108591013/Pai--,TRANSFER TO 4897690162095,59, ,"11,821.74"
03-Mar-25,03-Mar-25,   BY TRANSFER-INB IMPS/506205164161/ybp-XX201-DREAMPLU/Paid via--,MALO00194558555          MALO00194558555          , ,1,"11,822.74"
03-Mar-25,03-Mar-25,   TO TRANSFER-UPI/DR/542836068315/CRED Club/UTIB/cred.club@/paym--,TRANSFER TO 4897691162095,"1,000.00", ,"10,822.74"
03-Mar-25,03-Mar-25,   BY TRANSFER-UPI/CR/100895889902/Miss MEG/CBIN/meghaghati/done--,TRANSFER FROM 4897733162090, ,"41,850.00","52,672.74"
03-Mar-25,03-Mar-25,   TO TRANSFER-INB HDFC LIFE INSURANCE COMPA--,Q2M8f1D8BTRcrqIGASNLRKJ7               TRANSFER TO,"26,023.00", ,"26,649.74"
04-Mar-25,04-Mar-25,   TO TRANSFER-UPI/DR/542915527043/CRED Club/UTIB/cred.club@/paym--,TRANSFER TO 4897692162094,"1,000.00", ,"25,649.74"
04-Mar-25,04-Mar-25,   TO TRANSFER-UPI/DR/506336153708/Miss RIS/CBIN/rishikagup/Megha--,TRANSFER TO 4897692162094,"3,000.00", ,"22,649.74"
04-Mar-25,04-Mar-25,   TO TRANSFER-UPI/DR/542909542075/MAHADEVA/SBIN/mahadevasy/Paid--,TRANSFER TO 4897692162094,139, ,"22,510.74"
05-Mar-25,05-Mar-25,   TO TRANSFER-UPI/DR/506491911748/CRED Club/UTIB/cred.club@/paym--,TRANSFER TO 4897693162093,"1,500.00", ,"21,010.74"
05-Mar-25,05-Mar-25,   TO TRANSFER-UPI/DR/543019533304/Nandini/YESB/paytm.s1au/Paid v--,TRANSFER TO 4897693162093,50, ,"20,960.74"
06-Mar-25,06-Mar-25,   TO TRANSFER-UPI/DR/506557617010/CRED Club/UTIB/cred.club@/paym--,TRANSFER TO 4897694162092,"1,500.00", ,"19,460.74"
07-Mar-25,07-Mar-25,   TO TRANSFER-UPI/DR/506618533164/CRED Club/UTIB/cred.club@/paym--,TRANSFER TO 4897695162091,"1,506.51", ,"17,954.23"
09-Mar-25,09-Mar-25,   BY TRANSFER-UPI/CR/543428365827/MEGHA GU/HDFC/8005604328/Paid--,TRANSFER FROM 4897732162091, ,1,"17,955.23"
09-Mar-25,09-Mar-25,   BY TRANSFER-UPI/CR/543428367159/MEGHA GU/HDFC/8005604328/Paid--,TRANSFER FROM 4897732162091, ,10,"17,965.23"
12-Mar-25,12-Mar-25,   TO TRANSFER-UPI/DR/507101840936/Mrs. G  /SBIN/mrs.gpavit/Paid--,TRANSFER TO 4897693162093,100, ,"17,865.23"
12-Mar-25,12-Mar-25,   TO TRANSFER-UPI/DR/507105099205/Green Ch/YESB/paytmqr281/Paid--,TRANSFER TO 4897693162093,25, ,"17,840.23"
13-Mar-25,13-Mar-25,   TO TRANSFER-UPI/DR/507214774987/M JAGADI/ESFB/m.jagdishk/Paid--,TRANSFER TO 4897694162092,"1,650.00", ,"16,190.23"
13-Mar-25,13-Mar-25,   TO TRANSFER-UPI/DR/507214983370/Bykemani/YESB/paytm-1375/Paid--,TRANSFER TO 4897694162092,244, ,"15,946.23"
14-Mar-25,14-Mar-25,   TO TRANSFER-UPI/DR/507328227318/M MOHIT /HDFC/mohitvaid2/Paid--,TRANSFER TO 4897695162091,200, ,"15,746.23"
15-Mar-25,15-Mar-25,   TO TRANSFER-UPI/DR/507429370171/CBDT/HDFC/cbdt.payu@/UPIIntent--,TRANSFER TO 4897696162090,"2,000.00", ,"13,746.23"
15-Mar-25,15-Mar-25,   TO TRANSFER-UPI/DR/507434895785/Nandini/YESB/paytm.s1c3/Paid v--,TRANSFER TO 4897696162090,44, ,"13,702.23"
17-Mar-25,17-Mar-25,   TO TRANSFER-UPI/DR/507657176053/Centro B/JIOP/2433862747/Paid--,TRANSFER TO 4897691162095,308.7, ,"13,393.53"
17-Mar-25,17-Mar-25,   TO TRANSFER-UPI/DR/507657426058/AJAZ PASHA/IOBA/ajaz.pasha/Pai--,TRANSFER TO 4897691162095,950, ,"12,443.53"
18-Mar-25,18-Mar-25,   TO TRANSFER-UPI/DR/507771707109/AYISHA/CNRB/9886718617/Paid vi--,TRANSFER TO 4897692162094,"1,000.00", ,"11,443.53"
21-Mar-25,21-Mar-25,   TO TRANSFER-UPI/DR/544609270369/PVR INOX/YESB/amznplpvrv/Paid--,TRANSFER TO 4897695162091,224, ,"11,219.53"
22-Mar-25,22-Mar-25,   TO TRANSFER-UPI/DR/544710585685/SRIDHARA/KKBK/shreedhara/Paid--,TRANSFER TO 4897696162090,156, ,"11,063.53"
22-Mar-25,22-Mar-25,   TO TRANSFER-UPI/DR/544713312848/Centro B/JIOP/2433862747/Paid--,TRANSFER TO 4897696162090,272.5, ,"10,791.03"
23-Mar-25,23-Mar-25,   TO TRANSFER-UPI/DR/544824970911/S DAVIDR/UCBA/davidraja6/Paid--,TRANSFER TO 4897690162095,35, ,"10,756.03"
25-Mar-25,25-Mar-25,   CREDIT INTEREST---,, ,230,"10,986.03"
,,,,,,
**This is a computer generated statement and does not require a signature,,,,,,
