Date,Asset,Amount,Price per unit (INR),Value (INR),Transaction Type,Label
2023-04-01 05:30,BNB,0.00000063,25958.68134921,0.01635397,Receive,Reward
2023-04-01 05:30,USDT,0.00000074,111.05506757,0.00008218,Receive,Reward
2023-04-02 05:30,USDT,0.00000074,111.05506757,0.00008218,Receive,Reward
2023-04-02 05:30,BNB,0.00000063,25828.23571429,0.01627179,Receive,Reward
2023-04-03 05:30,BNB,0.00000063,25438.35357143,0.01602616,Receive,Reward
2023-04-03 05:30,USDT,0.00000074,111.06141892,0.00008219,Receive,Reward
2023-04-04 05:30,BNB,0.00000063,25554.86857778,0.01609957,Receive,Reward
2023-04-04 05:30,USDT,0.00000074,111.00087703,0.00008214,Receive,Reward
2023-04-05 05:30,USDT,0.00000074,110.92565676,0.00008208,Receive,Reward
2023-04-05 05:30,BNB,0.00000063,25798.13845714,0.01625283,Receive,Reward
2023-04-06 05:30,USDT,0.00000074,110.97371622,0.00008212,Receive,Reward
2023-04-06 05:30,BNB,0.00000063,25678.96563492,0.01617775,Receive,Reward
2023-04-07 05:30,USDT,0.00000074,110.58060811,0.00008183,Receive,Reward
2023-04-07 05:30,BNB,0.00000063,25458.11333333,0.01603861,Receive,Reward
2023-04-08 05:30,USDT,0.00000074,110.64222973,0.00008188,Receive,Reward
2023-04-08 05:30,BNB,0.00000063,25472.3,0.01604755,Receive,Reward
2023-04-09 05:30,USDT,0.00000074,110.59527568,0.00008184,Receive,Reward
2023-04-09 05:30,BNB,0.00000063,25591.39569524,0.01612258,Receive,Reward
2023-04-10 05:30,BNB,0.00000063,26108.32071429,0.01644824,Receive,Reward
2023-04-10 05:30,USDT,0.00000074,110.58385135,0.00008183,Receive,Reward
2023-04-11 05:30,BNB,0.00000063,26417.17944444,0.01664282,Receive,Reward
2023-04-11 05:30,USDT,0.00000074,110.78966216,0.00008198,Receive,Reward
2023-04-12 05:30,USDT,0.00000074,110.90614865,0.00008207,Receive,Reward
2023-04-12 05:30,BNB,0.00000063,26314.68428571,0.01657825,Receive,Reward
2023-04-13 05:30,USDT,0.00000074,111.00608378,0.00008214,Receive,Reward
2023-04-13 05:30,BNB,0.00000063,26729.5601746,0.01683962,Receive,Reward
2023-04-14 05:30,BNB,0.00000063,26838.09214286,0.016908,Receive,Reward
2023-04-14 05:30,USDT,0.00000074,110.37993243,0.00008168,Receive,Reward
2023-04-15 05:30,USDT,0.00000074,110.60304054,0.00008185,Receive,Reward
2023-04-15 05:30,BNB,0.00000063,27282.08333333,0.01718771,Receive,Reward
2023-04-16 05:30,BNB,0.00000063,28451.05615238,0.01792417,Receive,Reward
2023-04-16 05:30,USDT,0.00000074,110.60203243,0.00008185,Receive,Reward
2023-04-17 05:30,USDT,0.00000074,110.60182568,0.00008185,Receive,Reward
2023-04-17 05:30,BNB,0.00000063,27801.43668889,0.01751491,Receive,Reward
2023-04-18 05:30,BNB,0.00000063,28111.14857143,0.01771002,Receive,Reward
2023-04-18 05:30,USDT,0.00000074,110.79844595,0.00008199,Receive,Reward
2023-04-19 05:30,USDT,0.00000074,110.95344595,0.00008211,Receive,Reward
2023-04-19 05:30,BNB,0.00000063,26456.23277778,0.01666743,Receive,Reward
2023-04-20 05:30,BNB,0.00000063,26123.66666667,0.01645791,Receive,Reward
2023-04-20 05:30,USDT,0.00000074,111.20209459,0.00008229,Receive,Reward
2023-04-21 05:30,BNB,0.00000063,26369.03190476,0.01661249,Receive,Reward
2023-04-21 05:30,USDT,0.00000074,111.1352027,0.00008224,Receive,Reward
2023-04-22 05:30,USDT,0.00000074,110.86601351,0.00008204,Receive,Reward
2023-04-22 05:30,BNB,0.00000063,27216.72642857,0.01714654,Receive,Reward
2023-04-23 05:30,USDT,0.00000074,110.90343514,0.00008207,Receive,Reward
2023-04-23 05:30,BNB,0.00000063,27095.6456127,0.01707026,Receive,Reward
2023-04-24 05:30,BNB,0.00000063,27221.53674603,0.01714957,Receive,Reward
2023-04-24 05:30,USDT,0.00000074,110.88560811,0.00008206,Receive,Reward
2023-04-25 05:30,USDT,0.00000074,110.7695973,0.00008197,Receive,Reward
2023-04-25 05:30,BNB,0.00000063,27713.49829524,0.0174595,Receive,Reward
2023-04-26 05:30,USDT,0.00000074,110.80452703,0.000082,Receive,Reward
2023-04-26 05:30,BNB,0.00000063,27071.48063492,0.01705503,Receive,Reward
2023-04-27 05:30,BNB,0.00000063,27123.73801587,0.01708795,Receive,Reward
2023-04-27 05:30,USDT,0.00000074,110.48722973,0.00008176,Receive,Reward
2023-04-28 05:30,BNB,0.00000063,26484.2352381,0.01668507,Receive,Reward
2023-04-28 05:30,USDT,0.00000074,110.52641892,0.00008179,Receive,Reward
2023-04-29 05:30,BNB,0.00000063,26340.265,0.01659437,Receive,Reward
2023-04-29 05:30,USDT,0.00000074,110.46709459,0.00008175,Receive,Reward
2023-04-30 05:30,BNB,0.00000063,27637.7656381,0.01741179,Receive,Reward
2023-04-30 05:30,USDT,0.00000074,110.4668973,0.00008175,Receive,Reward
2023-05-01 05:30,BNB,0.00000063,26859.18642857,0.01692129,Receive,Reward
2023-05-01 05:30,USDT,0.00000074,110.46668919,0.00008175,Receive,Reward
2023-05-02 05:30,BNB,0.00000063,26359.39662222,0.01660642,Receive,Reward
2023-05-02 05:30,USDT,0.00000074,110.54732973,0.00008181,Receive,Reward
2023-05-03 05:30,BNB,0.00000063,26609.48809524,0.01676398,Receive,Reward
2023-05-03 05:30,USDT,0.00000074,110.50743243,0.00008178,Receive,Reward
2023-05-04 05:30,USDT,0.00000074,110.56398649,0.00008182,Receive,Reward
2023-05-04 05:30,BNB,0.00000063,26493.23714286,0.01669074,Receive,Reward
2023-05-05 05:30,USDT,0.00000074,110.36352027,0.00008167,Receive,Reward
2023-05-05 05:30,BNB,0.00000063,26704.46830159,0.01682382,Receive,Reward
2023-05-06 05:30,BNB,0.00000063,26335.14166667,0.01659114,Receive,Reward
2023-05-06 05:30,USDT,0.00000074,110.44560811,0.00008173,Receive,Reward
2023-05-07 05:30,BNB,0.00000063,26205.41190476,0.01650941,Receive,Reward
2023-05-07 05:30,USDT,0.00000074,110.44560811,0.00008173,Receive,Reward
2023-05-08 05:30,USDT,0.00000074,110.44628378,0.00008173,Receive,Reward
2023-05-08 05:30,BNB,0.00000063,25686.65,0.01618259,Receive,Reward
2023-05-09 05:30,USDT,0.00000074,110.55452703,0.00008181,Receive,Reward
2023-05-09 05:30,BNB,0.00000063,25581.9665873,0.01611664,Receive,Reward
2023-05-10 05:30,USDT,0.00000074,110.95003919,0.0000821,Receive,Reward
2023-05-10 05:30,BNB,0.00000063,25803.80911429,0.0162564,Receive,Reward
2023-05-11 05:30,BNB,0.00000063,25213.07050476,0.01588423,Receive,Reward
2023-05-11 05:30,USDT,0.00000074,110.64526622,0.00008188,Receive,Reward
2023-05-12 05:30,BNB,0.00000063,25277.89853016,0.01592508,Receive,Reward
2023-05-12 05:30,USDT,0.00000074,110.92975811,0.00008209,Receive,Reward
2023-05-13 05:30,BNB,0.00000063,25590.85013333,0.01612224,Receive,Reward
2023-05-13 05:30,USDT,0.00000074,111.15716757,0.00008226,Receive,Reward
2023-05-14 05:30,BNB,0.00000063,25703.96712381,0.0161935,Receive,Reward
2023-05-14 05:30,USDT,0.00000074,111.08176216,0.0000822,Receive,Reward
2023-05-15 05:30,USDT,0.00000074,111.13655405,0.00008224,Receive,Reward
2023-05-15 05:30,BNB,0.00000063,25716.64579365,0.01620149,Receive,Reward
2023-05-16 05:30,USDT,0.00000074,111.16925676,0.00008227,Receive,Reward
2023-05-16 05:30,BNB,0.00000063,25593.63333333,0.01612399,Receive,Reward
2023-05-17 05:30,USDT,0.00000074,111.23508784,0.00008231,Receive,Reward
2023-05-17 05:30,BNB,0.00000063,25870.10328571,0.01629817,Receive,Reward
2023-05-18 05:30,BNB,0.00000063,25499.9797619,0.01606499,Receive,Reward
2023-05-18 05:30,USDT,0.00000074,111.33047297,0.00008238,Receive,Reward
2023-05-20 05:30,BNB,0.00000063,25772.07235556,0.01623641,Receive,Reward
2023-05-20 05:30,USDT,0.00000074,111.94432973,0.00008284,Receive,Reward
2023-05-21 05:30,USDT,0.00000074,112.03446486,0.00008291,Receive,Reward
2023-05-21 05:30,BNB,0.00000063,25398.03535238,0.01600076,Receive,Reward
2023-05-22 05:30,BNB,0.00000087,25597.37986782,0.02226972,Receive,Reward
2023-05-22 05:30,USDT,0.00000074,111.87441216,0.00008279,Receive,Reward
2023-05-23 05:30,BNB,0.00000087,26005.24258621,0.02262456,Receive,Reward
2023-05-23 05:30,USDT,0.00000074,111.99168919,0.00008287,Receive,Reward
2023-05-24 05:30,USDT,0.00000074,112.00060811,0.00008288,Receive,Reward
2023-05-24 05:30,BNB,0.00000087,25340.45942529,0.0220462,Receive,Reward
