Currency name,Currency amount,Acquired,Sold,Proceeds (INR),Cost basis (INR),Gains (INR),Holding period (Days),Transaction type,Label
BNB,0.00000019,2022-04-30 05:30,2023-05-25 23:15,0.00479013,0.00421016,0.00057998,390,Fee,N/A
BNB,0.00000048,2022-05-01 05:30,2023-05-25 23:15,0.01210139,0.01063619,0.0014652,389,Fee,N/A
BNB,0.00000048,2022-05-02 05:30,2023-05-25 23:15,0.01210139,0.01063619,0.0014652,388,Fee,N/A
BNB,0.00000048,2022-05-03 05:30,2023-05-25 23:15,0.01210139,0.01063619,0.0014652,387,Fee,N/A
BNB,0.00000048,2022-05-04 05:30,2023-05-25 23:15,0.01210139,0.01063619,0.0014652,386,Fee,N/A
BNB,0.00000048,2022-05-05 05:30,2023-05-25 23:15,0.01210139,0.01063619,0.0014652,385,Fee,N/A
BNB,0.00000048,2022-05-06 05:30,2023-05-25 23:15,0.01210139,0.01063619,0.0014652,384,Fee,N/A
BNB,0.00000048,2022-05-07 05:30,2023-05-25 23:15,0.01210139,0.01063619,0.0014652,383,Fee,N/A
BNB,0.00000048,2022-05-08 05:30,2023-05-25 23:15,0.01210139,0.01063619,0.0014652,382,Fee,N/A
BNB,0.00000048,2022-05-09 05:30,2023-05-25 23:15,0.01210139,0.01063619,0.0014652,381,Fee,N/A
BNB,0.00000048,2022-05-10 05:30,2023-05-25 23:15,0.01210139,0.01063619,0.0014652,380,Fee,N/A
BNB,0.00000048,2022-05-11 05:30,2023-05-25 23:15,0.01210139,0.01063619,0.0014652,379,Fee,N/A
BNB,0.00000048,2022-05-12 05:30,2023-05-25 23:15,0.01210139,0.01063619,0.0014652,378,Fee,N/A
BNB,0.00000048,2022-05-13 05:30,2023-05-25 23:15,0.01210139,0.01063619,0.0014652,377,Fee,N/A
BNB,0.00000048,2022-05-14 05:30,2023-05-25 23:15,0.01210139,0.01063619,0.0014652,376,Fee,N/A
BNB,0.00000048,2022-05-15 05:30,2023-05-25 23:15,0.01210139,0.01063619,0.0014652,375,Fee,N/A
BNB,0.00000048,2022-05-16 05:30,2023-05-25 23:15,0.01210139,0.01063619,0.0014652,374,Fee,N/A
BNB,0.00000048,2022-05-17 05:30,2023-05-25 23:15,0.01210139,0.01063619,0.0014652,373,Fee,N/A
BNB,0.00000048,2022-05-18 05:30,2023-05-25 23:15,0.01210139,0.01063619,0.0014652,372,Fee,N/A
BNB,0.00000048,2022-05-19 05:30,2023-05-25 23:15,0.01210139,0.01063619,0.0014652,371,Fee,N/A
BNB,0.00000048,2022-05-20 05:30,2023-05-25 23:15,0.01210139,0.01063619,0.0014652,370,Fee,N/A
BNB,0.00000048,2022-05-21 05:30,2023-05-25 23:15,0.01210139,0.01063619,0.0014652,369,Fee,N/A
BNB,0.00000048,2022-05-22 05:30,2023-05-25 23:15,0.01210139,0.01063619,0.0014652,368,Fee,N/A
BNB,0.00000048,2022-05-23 05:30,2023-05-25 23:15,0.01210139,0.01063619,0.0014652,367,Fee,N/A
BNB,0.00000048,2022-05-24 05:30,2023-05-25 23:15,0.01210139,0.01063619,0.0014652,366,Fee,N/A
BNB,0.00000048,2022-05-25 05:30,2023-05-25 23:15,0.01210139,0.01063619,0.0014652,365,Fee,N/A
BNB,0.00000048,2022-05-26 05:30,2023-05-25 23:15,0.01210139,0.01063619,0.0014652,364,Fee,N/A
BNB,0.00000048,2022-05-27 05:30,2023-05-25 23:15,0.01210139,0.01063619,0.0014652,363,Fee,N/A
BNB,0.00000048,2022-05-28 05:30,2023-05-25 23:15,0.01210139,0.01063619,0.0014652,362,Fee,N/A
BNB,0.00000048,2022-05-29 05:30,2023-05-25 23:15,0.01210139,0.01063619,0.0014652,361,Fee,N/A
BNB,0.00000048,2022-05-30 05:30,2023-05-25 23:15,0.01210139,0.01063619,0.0014652,360,Fee,N/A
BNB,0.00000048,2022-05-31 05:30,2023-05-25 23:15,0.01210139,0.01063619,0.0014652,359,Fee,N/A
BNB,0.00000048,2022-06-01 05:30,2023-05-25 23:15,0.01210139,0.01063619,0.0014652,358,Fee,N/A
BNB,0.00000048,2022-06-02 05:30,2023-05-25 23:15,0.01210139,0.01063619,0.0014652,357,Fee,N/A
BNB,0.00000048,2022-06-03 05:30,2023-05-25 23:15,0.01210139,0.01063619,0.0014652,356,Fee,N/A
BNB,0.00000048,2022-06-04 05:30,2023-05-25 23:15,0.01210139,0.01063619,0.0014652,355,Fee,N/A
BNB,0.00000048,2022-06-05 05:30,2023-05-25 23:15,0.01210139,0.01063619,0.0014652,354,Fee,N/A
BNB,0.00000048,2022-06-06 05:30,2023-05-25 23:15,0.01210139,0.01063619,0.0014652,353,Fee,N/A
BNB,0.00000048,2022-06-07 05:30,2023-05-25 23:15,0.01210139,0.01063619,0.0014652,352,Fee,N/A
BNB,0.00000048,2022-06-08 05:30,2023-05-25 23:15,0.01210139,0.01063619,0.0014652,351,Fee,N/A
BNB,0.00000048,2022-06-09 05:30,2023-05-25 23:15,0.01210139,0.01063619,0.0014652,350,Fee,N/A
BNB,0.00000048,2022-06-10 05:30,2023-05-25 23:15,0.01210139,0.01063619,0.0014652,349,Fee,N/A
BNB,0.00000048,2022-06-11 05:30,2023-05-25 23:15,0.01210139,0.01063619,0.0014652,348,Fee,N/A
BNB,0.00000048,2022-06-12 05:30,2023-05-25 23:15,0.01210139,0.01063619,0.0014652,347,Fee,N/A
BNB,0.00000048,2022-06-13 05:30,2023-05-25 23:15,0.01210139,0.01063619,0.0014652,346,Fee,N/A
BNB,0.00000048,2022-06-14 05:30,2023-05-25 23:15,0.01210139,0.01063619,0.0014652,345,Fee,N/A
BNB,0.00000048,2022-06-15 05:30,2023-05-25 23:15,0.01210139,0.01063619,0.0014652,344,Fee,N/A
BNB,0.00000048,2022-06-16 05:30,2023-05-25 23:15,0.01210139,0.01063619,0.0014652,343,Fee,N/A
BNB,0.00000048,2022-06-17 05:30,2023-05-25 23:15,0.01210139,0.01063619,0.0014652,342,Fee,N/A
BNB,0.00000048,2022-06-18 05:30,2023-05-25 23:15,0.01210139,0.01063619,0.0014652,341,Fee,N/A
BNB,0.00000048,2022-06-19 05:30,2023-05-25 23:15,0.01210139,0.01063619,0.0014652,340,Fee,N/A
BNB,0.00000048,2022-06-20 05:30,2023-05-25 23:15,0.01210139,0.01063619,0.0014652,339,Fee,N/A
BNB,0.00000048,2022-06-21 05:30,2023-05-25 23:15,0.01210139,0.01063619,0.0014652,338,Fee,N/A
BNB,0.00000048,2022-06-22 05:30,2023-05-25 23:15,0.01210139,0.01063619,0.0014652,337,Fee,N/A
BNB,0.00000048,2022-06-23 05:30,2023-05-25 23:15,0.01210139,0.01063619,0.0014652,336,Fee,N/A
BNB,0.00000048,2022-06-24 05:30,2023-05-25 23:15,0.01210139,0.01063619,0.0014652,335,Fee,N/A
BNB,0.00000048,2022-06-25 05:30,2023-05-25 23:15,0.01210139,0.01063619,0.0014652,334,Fee,N/A
BNB,0.00000048,2022-06-26 05:30,2023-05-25 23:15,0.01210139,0.01063619,0.0014652,333,Fee,N/A
BNB,0.00000048,2022-06-27 05:30,2023-05-25 23:15,0.01210139,0.01063619,0.0014652,332,Fee,N/A
BNB,0.00000048,2022-06-28 05:30,2023-05-25 23:15,0.01210139,0.01063619,0.0014652,331,Fee,N/A
BNB,0.00000048,2022-06-29 05:30,2023-05-25 23:15,0.01210139,0.01063619,0.0014652,330,Fee,N/A
BNB,0.00000048,2022-06-30 05:30,2023-05-25 23:15,0.01210139,0.01063619,0.0014652,329,Fee,N/A
BNB,0.00000048,2022-07-01 05:30,2023-05-25 23:15,0.01210139,0.01063619,0.0014652,328,Fee,N/A
BNB,0.00000048,2022-07-02 05:30,2023-05-25 23:15,0.01210139,0.01063619,0.0014652,327,Fee,N/A
BNB,0.00000048,2022-07-03 05:30,2023-05-25 23:15,0.01210139,0.01063619,0.0014652,326,Fee,N/A
BNB,0.00000048,2022-07-04 05:30,2023-05-25 23:15,0.01210139,0.01063619,0.0014652,325,Fee,N/A
BNB,0.00000048,2022-07-05 05:30,2023-05-25 23:15,0.01210139,0.01063619,0.0014652,324,Fee,N/A
BNB,0.00000048,2022-07-06 05:30,2023-05-25 23:15,0.01210139,0.01063619,0.0014652,323,Fee,N/A
BNB,0.00000048,2022-07-07 05:30,2023-05-25 23:15,0.01210139,0.01063619,0.0014652,322,Fee,N/A
BNB,0.00000048,2022-07-08 05:30,2023-05-25 23:15,0.01210139,0.01063619,0.0014652,321,Fee,N/A
BNB,0.00000048,2022-07-09 05:30,2023-05-25 23:15,0.01210139,0.01063619,0.0014652,320,Fee,N/A
BNB,0.00000048,2022-07-10 05:30,2023-05-25 23:15,0.01210139,0.01063619,0.0014652,319,Fee,N/A
BNB,0.00000048,2022-07-11 05:30,2023-05-25 23:15,0.01210139,0.01063619,0.0014652,318,Fee,N/A
BNB,0.00000048,2022-07-12 05:30,2023-05-25 23:15,0.01210139,0.01063619,0.0014652,317,Fee,N/A
BNB,0.00000048,2022-07-13 05:30,2023-05-25 23:15,0.01210139,0.01063619,0.0014652,316,Fee,N/A
BNB,0.00000048,2022-07-14 05:30,2023-05-25 23:15,0.01210139,0.01063619,0.0014652,315,Fee,N/A
BNB,0.00000048,2022-07-15 05:30,2023-05-25 23:15,0.01210139,0.01063619,0.0014652,314,Fee,N/A
BNB,0.00000048,2022-07-16 05:30,2023-05-25 23:15,0.01210139,0.01063619,0.0014652,313,Fee,N/A
BNB,0.00000048,2022-07-17 05:30,2023-05-25 23:15,0.01210139,0.01063619,0.0014652,312,Fee,N/A
BNB,0.00000048,2022-07-18 05:30,2023-05-25 23:15,0.01210139,0.01063619,0.0014652,311,Fee,N/A
BNB,0.00000048,2022-07-19 05:30,2023-05-25 23:15,0.01210139,0.01063619,0.0014652,310,Fee,N/A
BNB,0.00000048,2022-07-20 05:30,2023-05-25 23:15,0.01210139,0.01063619,0.0014652,309,Fee,N/A
BNB,0.00000048,2022-07-21 05:30,2023-05-25 23:15,0.01210139,0.01063619,0.0014652,308,Fee,N/A
BNB,0.00000048,2022-07-22 05:30,2023-05-25 23:15,0.01210139,0.01063619,0.0014652,307,Fee,N/A
BNB,0.00000048,2022-07-23 05:30,2023-05-25 23:15,0.01210139,0.01063619,0.0014652,306,Fee,N/A
BNB,0.00000048,2022-07-24 05:30,2023-05-25 23:15,0.01210139,0.01063619,0.0014652,305,Fee,N/A
BNB,0.00000048,2022-07-25 05:30,2023-05-25 23:15,0.01210139,0.01063619,0.0014652,304,Fee,N/A
BNB,0.00000048,2022-07-26 05:30,2023-05-25 23:15,0.01210139,0.01063619,0.0014652,303,Fee,N/A
BNB,0.00000048,2022-07-27 05:30,2023-05-25 23:15,0.01210139,0.01063619,0.0014652,302,Fee,N/A
BNB,0.00000048,2022-07-28 05:30,2023-05-25 23:15,0.01210139,0.01063619,0.0014652,301,Fee,N/A
BNB,0.00000048,2022-07-29 05:30,2023-05-25 23:15,0.01210139,0.01063619,0.0014652,300,Fee,N/A
BNB,0.00000048,2022-07-30 05:30,2023-05-25 23:15,0.01210139,0.01063619,0.0014652,299,Fee,N/A
BNB,0.00000048,2022-07-31 05:30,2023-05-25 23:15,0.01210139,0.01063619,0.0014652,298,Fee,N/A
BNB,0.00000048,2022-08-01 05:30,2023-05-25 23:15,0.01210139,0.01063619,0.0014652,297,Fee,N/A
BNB,0.00000048,2022-08-02 05:30,2023-05-25 23:15,0.01210139,0.01063619,0.0014652,296,Fee,N/A
BNB,0.00000048,2022-08-03 05:30,2023-05-25 23:15,0.01210139,0.01063619,0.0014652,295,Fee,N/A
BNB,0.00000048,2022-08-04 05:30,2023-05-25 23:15,0.01210139,0.01063619,0.0014652,294,Fee,N/A
BNB,0.00000048,2022-08-05 05:30,2023-05-25 23:15,0.01210139,0.01063619,0.0014652,293,Fee,N/A
BNB,0.00000048,2022-08-06 05:30,2023-05-25 23:15,0.01210139,0.01063619,0.0014652,292,Fee,N/A
BNB,0.00000048,2022-08-07 05:30,2023-05-25 23:15,0.01210139,0.01063619,0.0014652,291,Fee,N/A
BNB,0.00000048,2022-08-08 05:30,2023-05-25 23:15,0.01210139,0.01063619,0.0014652,290,Fee,N/A
BNB,0.00000048,2022-08-09 05:30,2023-05-25 23:15,0.01210139,0.01063619,0.0014652,289,Fee,N/A
BNB,0.00000048,2022-08-10 05:30,2023-05-25 23:15,0.01210139,0.01063619,0.0014652,288,Fee,N/A
BNB,0.00000048,2022-08-11 05:30,2023-05-25 23:15,0.01210139,0.01063619,0.0014652,287,Fee,N/A
BNB,0.00000048,2022-08-12 05:30,2023-05-25 23:15,0.01210139,0.01063619,0.0014652,286,Fee,N/A
BNB,0.00000048,2022-08-13 05:30,2023-05-25 23:15,0.01210139,0.01063619,0.0014652,285,Fee,N/A
BNB,0.00000048,2022-08-14 05:30,2023-05-25 23:15,0.01210139,0.01063619,0.0014652,284,Fee,N/A
BNB,0.00000048,2022-08-15 05:30,2023-05-25 23:15,0.01210139,0.01063619,0.0014652,283,Fee,N/A
BNB,0.00000048,2022-08-16 05:30,2023-05-25 23:15,0.01210139,0.01063619,0.0014652,282,Fee,N/A
BNB,0.00000048,2022-08-17 05:30,2023-05-25 23:15,0.01210139,0.01063619,0.0014652,281,Fee,N/A
BNB,0.00000048,2022-08-18 05:30,2023-05-25 23:15,0.01210139,0.01063619,0.0014652,280,Fee,N/A
BNB,0.00000048,2022-08-19 05:30,2023-05-25 23:15,0.01210139,0.01063619,0.0014652,279,Fee,N/A
BNB,0.00000048,2022-08-20 05:30,2023-05-25 23:15,0.01210139,0.01063619,0.0014652,278,Fee,N/A
BNB,0.00000048,2022-08-21 05:30,2023-05-25 23:15,0.01210139,0.01063619,0.0014652,277,Fee,N/A
BNB,0.00000048,2022-08-22 05:30,2023-05-25 23:15,0.01210139,0.01063619,0.0014652,276,Fee,N/A
BNB,0.00000048,2022-08-23 05:30,2023-05-25 23:15,0.01210139,0.01063619,0.0014652,275,Fee,N/A
BNB,0.00000048,2022-08-24 05:30,2023-05-25 23:15,0.01210139,0.01063619,0.0014652,274,Fee,N/A
BNB,0.00000048,2022-08-25 05:30,2023-05-25 23:15,0.01210139,0.01063619,0.0014652,273,Fee,N/A
BNB,0.00000048,2022-08-26 05:30,2023-05-25 23:15,0.01210139,0.01063619,0.0014652,272,Fee,N/A
BNB,0.00000048,2022-08-27 05:30,2023-05-25 23:15,0.01210139,0.01063619,0.0014652,271,Fee,N/A
BNB,0.00000048,2022-08-28 05:30,2023-05-25 23:15,0.01210139,0.01063619,0.0014652,270,Fee,N/A
BNB,0.00000048,2022-08-29 05:30,2023-05-25 23:15,0.01210139,0.01063619,0.0014652,269,Fee,N/A
BNB,0.00000048,2022-08-30 05:30,2023-05-25 23:15,0.01210139,0.01063619,0.0014652,268,Fee,N/A
BNB,0.00000048,2022-08-31 05:30,2023-05-25 23:15,0.01210139,0.01063619,0.0014652,267,Fee,N/A
BNB,0.00000048,2022-09-01 05:30,2023-05-25 23:15,0.01210139,0.01063619,0.0014652,266,Fee,N/A
BNB,0.00000048,2022-09-02 05:30,2023-05-25 23:15,0.01210139,0.01063619,0.0014652,265,Fee,N/A
BNB,0.00000048,2022-09-03 05:30,2023-05-25 23:15,0.01210139,0.01063619,0.0014652,264,Fee,N/A
BNB,0.00000048,2022-09-04 05:30,2023-05-25 23:15,0.01210139,0.01063619,0.0014652,263,Fee,N/A
BNB,0.00000048,2022-09-05 05:30,2023-05-25 23:15,0.01210139,0.01063619,0.0014652,262,Fee,N/A
BNB,0.00000048,2022-09-06 05:30,2023-05-25 23:15,0.01210139,0.01063619,0.0014652,261,Fee,N/A
BNB,0.00000048,2022-09-07 05:30,2023-05-25 23:15,0.01210139,0.01063619,0.0014652,260,Fee,N/A
BNB,0.00000048,2022-09-08 05:30,2023-05-25 23:15,0.01210139,0.01063619,0.0014652,259,Fee,N/A
BNB,0.00000048,2022-09-09 05:30,2023-05-25 23:15,0.01210139,0.01063619,0.0014652,258,Fee,N/A
BNB,0.00000048,2022-09-10 05:30,2023-05-25 23:15,0.01210139,0.01063619,0.0014652,257,Fee,N/A
BNB,0.00000048,2022-09-11 05:30,2023-05-25 23:15,0.01210139,0.01063619,0.0014652,256,Fee,N/A
BNB,0.00000048,2022-09-12 05:30,2023-05-25 23:15,0.01210139,0.01063619,0.0014652,255,Fee,N/A
BNB,0.00000048,2022-09-13 05:30,2023-05-25 23:15,0.01210139,0.01063619,0.0014652,254,Fee,N/A
BNB,0.00000048,2022-09-14 05:30,2023-05-25 23:15,0.01210139,0.01063619,0.0014652,253,Fee,N/A
BNB,0.00000048,2022-09-15 05:30,2023-05-25 23:15,0.01210139,0.01063619,0.0014652,252,Fee,N/A
BNB,0.00000048,2022-09-16 05:30,2023-05-25 23:15,0.01210139,0.01063619,0.0014652,251,Fee,N/A
BNB,0.00000048,2022-09-17 05:30,2023-05-25 23:15,0.01210139,0.01063619,0.0014652,250,Fee,N/A
BNB,0.00000048,2022-09-18 05:30,2023-05-25 23:15,0.01210139,0.01063619,0.0014652,249,Fee,N/A
BNB,0.00000037,2022-09-19 05:30,2023-05-25 23:15,0.00932816,0.00819873,0.00112943,248,Fee,N/A
BNB,0.00000011,2022-09-19 05:30,2023-05-25 23:15,0.00276933,0.0027722,-0.00000286,248,Trade,N/A
BNB,0.00000048,2022-09-20 05:30,2023-05-25 23:15,0.01208437,0.01209686,-0.0000125,247,Trade,N/A
BNB,0.00000048,2022-09-21 05:30,2023-05-25 23:15,0.01208437,0.01209686,-0.0000125,246,Trade,N/A
BNB,0.00000048,2022-09-22 05:30,2023-05-25 23:15,0.01208437,0.01209686,-0.0000125,245,Trade,N/A
BNB,0.00000048,2022-09-23 05:30,2023-05-25 23:15,0.01208437,0.01209686,-0.0000125,244,Trade,N/A
BNB,0.00000048,2022-09-24 05:30,2023-05-25 23:15,0.01208437,0.01209686,-0.0000125,243,Trade,N/A
BNB,0.00000048,2022-09-25 05:30,2023-05-25 23:15,0.01208437,0.01209686,-0.0000125,242,Trade,N/A
BNB,0.00000048,2022-09-26 05:30,2023-05-25 23:15,0.01208437,0.01209686,-0.0000125,241,Trade,N/A
BNB,0.00000048,2022-09-27 05:30,2023-05-25 23:15,0.01208437,0.01209686,-0.0000125,240,Trade,N/A
BNB,0.00000048,2022-09-28 05:30,2023-05-25 23:15,0.01208437,0.01209686,-0.0000125,239,Trade,N/A
BNB,0.00000048,2022-09-29 05:30,2023-05-25 23:15,0.01208437,0.01209686,-0.0000125,238,Trade,N/A
BNB,0.00000048,2022-09-30 05:30,2023-05-25 23:15,0.01208437,0.01209686,-0.0000125,237,Trade,N/A
BNB,0.00000048,2022-10-01 05:30,2023-05-25 23:15,0.01208437,0.01209686,-0.0000125,236,Trade,N/A
BNB,0.00000048,2022-10-02 05:30,2023-05-25 23:15,0.01208437,0.01209686,-0.0000125,235,Trade,N/A
BNB,0.00000048,2022-10-03 05:30,2023-05-25 23:15,0.01208437,0.01209686,-0.0000125,234,Trade,N/A
BNB,0.00000048,2022-10-04 05:30,2023-05-25 23:15,0.01208437,0.01209686,-0.0000125,233,Trade,N/A
BNB,0.00000048,2022-10-05 05:30,2023-05-25 23:15,0.01208437,0.01209686,-0.0000125,232,Trade,N/A
BNB,0.00000048,2022-10-06 05:30,2023-05-25 23:15,0.01208437,0.01209686,-0.0000125,231,Trade,N/A
BNB,0.00000048,2022-10-07 05:30,2023-05-25 23:15,0.01208437,0.01209686,-0.0000125,230,Trade,N/A
BNB,0.00000048,2022-10-08 05:30,2023-05-25 23:15,0.01208437,0.01209686,-0.0000125,229,Trade,N/A
BNB,0.00000048,2022-10-09 05:30,2023-05-25 23:15,0.01208437,0.01209686,-0.0000125,228,Trade,N/A
BNB,0.00000048,2022-10-10 05:30,2023-05-25 23:15,0.01208437,0.01209686,-0.0000125,227,Trade,N/A
BNB,0.00000048,2022-10-11 05:30,2023-05-25 23:15,0.01208437,0.01209686,-0.0000125,226,Trade,N/A
BNB,0.00000048,2022-10-12 05:30,2023-05-25 23:15,0.01208437,0.01209686,-0.0000125,225,Trade,N/A
BNB,0.00000048,2022-10-13 05:30,2023-05-25 23:15,0.01208437,0.01209686,-0.0000125,224,Trade,N/A
BNB,0.00000048,2022-10-14 05:30,2023-05-25 23:15,0.01208437,0.01209686,-0.0000125,223,Trade,N/A
BNB,0.00000048,2022-10-15 05:30,2023-05-25 23:15,0.01208437,0.01209686,-0.0000125,222,Trade,N/A
BNB,0.00000048,2022-10-16 05:30,2023-05-25 23:15,0.01208437,0.01209686,-0.0000125,221,Trade,N/A
BNB,0.00000048,2022-10-17 05:30,2023-05-25 23:15,0.01208437,0.01209686,-0.0000125,220,Trade,N/A
BNB,0.00000048,2022-10-18 05:30,2023-05-25 23:15,0.01208437,0.01209686,-0.0000125,219,Trade,N/A
BNB,0.00000048,2022-10-19 05:30,2023-05-25 23:15,0.01208437,0.01209686,-0.0000125,218,Trade,N/A
BNB,0.00000048,2022-10-20 05:30,2023-05-25 23:15,0.01208437,0.01209686,-0.0000125,217,Trade,N/A
BNB,0.00000048,2022-10-21 05:30,2023-05-25 23:15,0.01208437,0.01209686,-0.0000125,216,Trade,N/A
BNB,0.00000048,2022-10-22 05:30,2023-05-25 23:15,0.01208437,0.01209686,-0.0000125,215,Trade,N/A
BNB,0.00000048,2022-10-23 05:30,2023-05-25 23:15,0.01208437,0.01209686,-0.0000125,214,Trade,N/A
BNB,0.00000048,2022-10-24 05:30,2023-05-25 23:15,0.01208437,0.01209686,-0.0000125,213,Trade,N/A
BNB,0.00000048,2022-10-25 05:30,2023-05-25 23:15,0.01208437,0.01209686,-0.0000125,212,Trade,N/A
BNB,0.00000048,2022-10-26 05:30,2023-05-25 23:15,0.01208437,0.01209686,-0.0000125,211,Trade,N/A
BNB,0.00000048,2022-10-27 05:30,2023-05-25 23:15,0.01208437,0.01209686,-0.0000125,210,Trade,N/A
BNB,0.00000048,2022-10-28 05:30,2023-05-25 23:15,0.01208437,0.01209686,-0.0000125,209,Trade,N/A
BNB,0.00000048,2022-10-29 05:30,2023-05-25 23:15,0.01208437,0.01209686,-0.0000125,208,Trade,N/A
BNB,0.00000048,2022-10-30 05:30,2023-05-25 23:15,0.01208437,0.01209686,-0.0000125,207,Trade,N/A
BNB,0.00000048,2022-10-31 05:30,2023-05-25 23:15,0.01208437,0.01209686,-0.0000125,206,Trade,N/A
BNB,0.00000048,2022-11-01 05:30,2023-05-25 23:15,0.01208437,0.01209686,-0.0000125,205,Trade,N/A
BNB,0.00000048,2022-11-02 05:30,2023-05-25 23:15,0.01208437,0.01209686,-0.0000125,204,Trade,N/A
BNB,0.00000048,2022-11-03 05:30,2023-05-25 23:15,0.01208437,0.01209686,-0.0000125,203,Trade,N/A
BNB,0.00000048,2022-11-04 05:30,2023-05-25 23:15,0.01208437,0.01209686,-0.0000125,202,Trade,N/A
BNB,0.00000048,2022-11-05 05:30,2023-05-25 23:15,0.01208437,0.01209686,-0.0000125,201,Trade,N/A
BNB,0.00000048,2022-11-06 05:30,2023-05-25 23:15,0.01208437,0.01209686,-0.0000125,200,Trade,N/A
BNB,0.00000048,2022-11-07 05:30,2023-05-25 23:15,0.01208437,0.01209686,-0.0000125,199,Trade,N/A
BNB,0.00000048,2022-11-08 05:30,2023-05-25 23:15,0.01208437,0.01209686,-0.0000125,198,Trade,N/A
BNB,0.00000048,2022-11-09 05:30,2023-05-25 23:15,0.01208437,0.01209686,-0.0000125,197,Trade,N/A
BNB,0.00000048,2022-11-10 05:30,2023-05-25 23:15,0.01208437,0.01209686,-0.0000125,196,Trade,N/A
BNB,0.00000048,2022-11-11 05:30,2023-05-25 23:15,0.01208437,0.01209686,-0.0000125,195,Trade,N/A
BNB,0.00000048,2022-11-12 05:30,2023-05-25 23:15,0.01208437,0.01209686,-0.0000125,194,Trade,N/A
BNB,0.00000048,2022-11-13 05:30,2023-05-25 23:15,0.01208437,0.01209686,-0.0000125,193,Trade,N/A
BNB,0.00000048,2022-11-14 05:30,2023-05-25 23:15,0.01208437,0.01209686,-0.0000125,192,Trade,N/A
BNB,0.00000048,2022-11-15 05:30,2023-05-25 23:15,0.01208437,0.01209686,-0.0000125,191,Trade,N/A
BNB,0.00000048,2022-11-16 05:30,2023-05-25 23:15,0.01208437,0.01209686,-0.0000125,190,Trade,N/A
BNB,0.00000048,2022-11-17 05:30,2023-05-25 23:15,0.01208437,0.01209686,-0.0000125,189,Trade,N/A
BNB,0.00000048,2022-11-18 05:30,2023-05-25 23:15,0.01208437,0.01209686,-0.0000125,188,Trade,N/A
BNB,0.00000048,2022-11-19 05:30,2023-05-25 23:15,0.01208437,0.01209686,-0.0000125,187,Trade,N/A
BNB,0.00000048,2022-11-20 05:30,2023-05-25 23:15,0.01208437,0.01209686,-0.0000125,186,Trade,N/A
BNB,0.00000048,2022-11-21 05:30,2023-05-25 23:15,0.01208437,0.01209686,-0.0000125,185,Trade,N/A
BNB,0.00000048,2022-11-22 05:30,2023-05-25 23:15,0.01208437,0.01209686,-0.0000125,184,Trade,N/A
BNB,0.00000048,2022-11-23 05:30,2023-05-25 23:15,0.01208437,0.01209686,-0.0000125,183,Trade,N/A
BNB,0.00000048,2022-11-24 05:30,2023-05-25 23:15,0.01208437,0.01209686,-0.0000125,182,Trade,N/A
BNB,0.00000048,2022-11-25 05:30,2023-05-25 23:15,0.01208437,0.01209686,-0.0000125,181,Trade,N/A
BNB,0.00000048,2022-11-26 05:30,2023-05-25 23:15,0.01208437,0.01209686,-0.0000125,180,Trade,N/A
BNB,0.00000063,2022-11-29 05:30,2023-05-25 23:15,0.01586073,0.01587713,-0.0000164,177,Trade,N/A
BNB,0.00000063,2022-11-30 05:30,2023-05-25 23:15,0.01586073,0.01587713,-0.0000164,176,Trade,N/A
BNB,0.00000063,2022-12-01 05:30,2023-05-25 23:15,0.01586073,0.01587713,-0.0000164,175,Trade,N/A
BNB,0.00000063,2022-12-02 05:30,2023-05-25 23:15,0.01586073,0.01587713,-0.0000164,174,Trade,N/A
BNB,0.00000063,2022-12-03 05:30,2023-05-25 23:15,0.01586073,0.01587713,-0.0000164,173,Trade,N/A
BNB,0.00000063,2022-12-04 05:30,2023-05-25 23:15,0.01586073,0.01587713,-0.0000164,172,Trade,N/A
BNB,0.00000063,2022-12-05 05:30,2023-05-25 23:15,0.01586073,0.01587713,-0.0000164,171,Trade,N/A
BNB,0.00000063,2022-12-06 05:30,2023-05-25 23:15,0.01586073,0.01587713,-0.0000164,170,Trade,N/A
BNB,0.00000063,2022-12-07 05:30,2023-05-25 23:15,0.01586073,0.01587713,-0.0000164,169,Trade,N/A
BNB,0.00000063,2022-12-08 05:30,2023-05-25 23:15,0.01586073,0.01587713,-0.0000164,168,Trade,N/A
BNB,0.00000063,2022-12-09 05:30,2023-05-25 23:15,0.01586073,0.01587713,-0.0000164,167,Trade,N/A
BNB,0.00000063,2022-12-10 05:30,2023-05-25 23:15,0.01586073,0.01587713,-0.0000164,166,Trade,N/A
BNB,0.00000063,2022-12-11 05:30,2023-05-25 23:15,0.01586073,0.01587713,-0.0000164,165,Trade,N/A
BNB,0.00000063,2022-12-12 05:30,2023-05-25 23:15,0.01586073,0.01587713,-0.0000164,164,Trade,N/A
BNB,0.00000063,2022-12-13 05:30,2023-05-25 23:15,0.01586073,0.01587713,-0.0000164,163,Trade,N/A
BNB,0.00000063,2022-12-14 05:30,2023-05-25 23:15,0.01586073,0.01587713,-0.0000164,162,Trade,N/A
BNB,0.00000063,2022-12-15 05:30,2023-05-25 23:15,0.01586073,0.01587713,-0.0000164,161,Trade,N/A
BNB,0.00000063,2022-12-16 05:30,2023-05-25 23:15,0.01586073,0.01587713,-0.0000164,160,Trade,N/A
BNB,0.00000063,2022-12-17 05:30,2023-05-25 23:15,0.01586073,0.01587713,-0.0000164,159,Trade,N/A
BNB,0.00000063,2022-12-18 05:30,2023-05-25 23:15,0.01586073,0.01587713,-0.0000164,158,Trade,N/A
BNB,0.00000063,2022-12-19 05:30,2023-05-25 23:15,0.01586073,0.01587713,-0.0000164,157,Trade,N/A
BNB,0.00000063,2022-12-20 05:30,2023-05-25 23:15,0.01586073,0.01587713,-0.0000164,156,Trade,N/A
BNB,0.00000063,2022-12-21 05:30,2023-05-25 23:15,0.01586073,0.01587713,-0.0000164,155,Trade,N/A
BNB,0.00000063,2022-12-22 05:30,2023-05-25 23:15,0.01586073,0.01587713,-0.0000164,154,Trade,N/A
BNB,0.00000063,2022-12-23 05:30,2023-05-25 23:15,0.01586073,0.01587713,-0.0000164,153,Trade,N/A
BNB,0.00000063,2022-12-24 05:30,2023-05-25 23:15,0.01586073,0.01587713,-0.0000164,152,Trade,N/A
BNB,0.00000063,2022-12-25 05:30,2023-05-25 23:15,0.01586073,0.01587713,-0.0000164,151,Trade,N/A
BNB,0.00000063,2022-12-26 05:30,2023-05-25 23:15,0.01586073,0.01587713,-0.0000164,150,Trade,N/A
BNB,0.00000063,2022-12-27 05:30,2023-05-25 23:15,0.01586073,0.01587713,-0.0000164,149,Trade,N/A
BNB,0.00000063,2022-12-28 05:30,2023-05-25 23:15,0.01586073,0.01587713,-0.0000164,148,Trade,N/A
BNB,0.00000063,2022-12-29 05:30,2023-05-25 23:15,0.01586073,0.01587713,-0.0000164,147,Trade,N/A
BNB,0.00000063,2022-12-30 05:30,2023-05-25 23:15,0.01586073,0.01587713,-0.0000164,146,Trade,N/A
BNB,0.00000063,2022-12-31 05:30,2023-05-25 23:15,0.01586073,0.01587713,-0.0000164,145,Trade,N/A
BNB,0.00000063,2023-01-01 05:30,2023-05-25 23:15,0.01586073,0.01587713,-0.0000164,144,Trade,N/A
BNB,0.00000063,2023-01-02 05:30,2023-05-25 23:15,0.01586073,0.01587713,-0.0000164,143,Trade,N/A
BNB,0.00000063,2023-01-03 05:30,2023-05-25 23:15,0.01586073,0.01587713,-0.0000164,142,Trade,N/A
BNB,0.00000063,2023-01-04 05:30,2023-05-25 23:15,0.01586073,0.01587713,-0.0000164,141,Trade,N/A
BNB,0.00000063,2023-01-05 05:30,2023-05-25 23:15,0.01586073,0.01587713,-0.0000164,140,Trade,N/A
BNB,0.00000063,2023-01-06 05:30,2023-05-25 23:15,0.01586073,0.01587713,-0.0000164,139,Trade,N/A
BNB,0.00000063,2023-01-07 05:30,2023-05-25 23:15,0.01586073,0.01587713,-0.0000164,138,Trade,N/A
BNB,0.00000063,2023-01-08 05:30,2023-05-25 23:15,0.01586073,0.01587713,-0.0000164,137,Trade,N/A
BNB,0.00000063,2023-01-09 05:30,2023-05-25 23:15,0.01586073,0.01587713,-0.0000164,136,Trade,N/A
BNB,0.00000063,2023-01-10 05:30,2023-05-25 23:15,0.01586073,0.01587713,-0.0000164,135,Trade,N/A
BNB,0.00000063,2023-01-11 05:30,2023-05-25 23:15,0.01586073,0.01587713,-0.0000164,134,Trade,N/A
BNB,0.00000063,2023-01-12 05:30,2023-05-25 23:15,0.01586073,0.01587713,-0.0000164,133,Trade,N/A
BNB,0.00000063,2023-01-13 05:30,2023-05-25 23:15,0.01586073,0.01587713,-0.0000164,132,Trade,N/A
BNB,0.00000063,2023-01-14 05:30,2023-05-25 23:15,0.01586073,0.01587713,-0.0000164,131,Trade,N/A
BNB,0.00000063,2023-01-15 05:30,2023-05-25 23:15,0.01586073,0.01587713,-0.0000164,130,Trade,N/A
BNB,0.00000063,2023-01-16 05:30,2023-05-25 23:15,0.01586073,0.01587713,-0.0000164,129,Trade,N/A
BNB,0.00000063,2023-01-17 05:30,2023-05-25 23:15,0.01586073,0.01587713,-0.0000164,128,Trade,N/A
BNB,0.00000063,2023-01-18 05:30,2023-05-25 23:15,0.01586073,0.01587713,-0.0000164,127,Trade,N/A
BNB,0.00000063,2023-01-19 05:30,2023-05-25 23:15,0.01586073,0.01587713,-0.0000164,126,Trade,N/A
BNB,0.00000063,2023-01-20 05:30,2023-05-25 23:15,0.01586073,0.01587713,-0.0000164,125,Trade,N/A
BNB,0.00000063,2023-01-21 05:30,2023-05-25 23:15,0.01586073,0.01587713,-0.0000164,124,Trade,N/A
BNB,0.00000063,2023-01-22 05:30,2023-05-25 23:15,0.01586073,0.01587713,-0.0000164,123,Trade,N/A
BNB,0.00000063,2023-01-23 05:30,2023-05-25 23:15,0.01586073,0.01587713,-0.0000164,122,Trade,N/A
BNB,0.00000063,2023-01-24 05:30,2023-05-25 23:15,0.01586073,0.01587713,-0.0000164,121,Trade,N/A
BNB,0.00000063,2023-01-25 05:30,2023-05-25 23:15,0.01586073,0.01587713,-0.0000164,120,Trade,N/A
BNB,0.00000063,2023-01-26 05:30,2023-05-25 23:15,0.01586073,0.01587713,-0.0000164,119,Trade,N/A
BNB,0.00000063,2023-01-27 05:30,2023-05-25 23:15,0.01586073,0.01587713,-0.0000164,118,Trade,N/A
BNB,0.00000063,2023-01-28 05:30,2023-05-25 23:15,0.01586073,0.01587713,-0.0000164,117,Trade,N/A
BNB,0.00000063,2023-01-29 05:30,2023-05-25 23:15,0.01586073,0.01587713,-0.0000164,116,Trade,N/A
BNB,0.00000063,2023-01-30 05:30,2023-05-25 23:15,0.01586073,0.01587713,-0.0000164,115,Trade,N/A
BNB,0.00000063,2023-01-31 05:30,2023-05-25 23:15,0.01586073,0.01587713,-0.0000164,114,Trade,N/A
BNB,0.00000063,2023-02-01 05:30,2023-05-25 23:15,0.01586073,0.01587713,-0.0000164,113,Trade,N/A
BNB,0.00000063,2023-02-02 05:30,2023-05-25 23:15,0.01586073,0.01587713,-0.0000164,112,Trade,N/A
BNB,0.00000063,2023-02-03 05:30,2023-05-25 23:15,0.01586073,0.01587713,-0.0000164,111,Trade,N/A
BNB,0.00000063,2023-02-04 05:30,2023-05-25 23:15,0.01586073,0.01587713,-0.0000164,110,Trade,N/A
BNB,0.00000063,2023-02-05 05:30,2023-05-25 23:15,0.01586073,0.01587713,-0.0000164,109,Trade,N/A
BNB,0.00000063,2023-02-06 05:30,2023-05-25 23:15,0.01586073,0.01587713,-0.0000164,108,Trade,N/A
BNB,0.00000063,2023-02-07 05:30,2023-05-25 23:15,0.01586073,0.01587713,-0.0000164,107,Trade,N/A
BNB,0.00000063,2023-02-08 05:30,2023-05-25 23:15,0.01586073,0.01587713,-0.0000164,106,Trade,N/A
BNB,0.00000063,2023-02-09 05:30,2023-05-25 23:15,0.01586073,0.01587713,-0.0000164,105,Trade,N/A
BNB,0.00000063,2023-02-10 05:30,2023-05-25 23:15,0.01586073,0.01587713,-0.0000164,104,Trade,N/A
BNB,0.00000063,2023-02-11 05:30,2023-05-25 23:15,0.01586073,0.01587713,-0.0000164,103,Trade,N/A
BNB,0.00000063,2023-02-12 05:30,2023-05-25 23:15,0.01586073,0.01587713,-0.0000164,102,Trade,N/A
BNB,0.00000063,2023-02-13 05:30,2023-05-25 23:15,0.01586073,0.01587713,-0.0000164,101,Trade,N/A
BNB,0.00000063,2023-02-14 05:30,2023-05-25 23:15,0.01586073,0.01587713,-0.0000164,100,Trade,N/A
BNB,0.00000063,2023-02-15 05:30,2023-05-25 23:15,0.01586073,0.01587713,-0.0000164,99,Trade,N/A
BNB,0.00000063,2023-02-16 05:30,2023-05-25 23:15,0.01586073,0.01587713,-0.0000164,98,Trade,N/A
BNB,0.00000063,2023-02-17 05:30,2023-05-25 23:15,0.01586073,0.01587713,-0.0000164,97,Trade,N/A
BNB,0.00000063,2023-02-18 05:30,2023-05-25 23:15,0.01586073,0.01587713,-0.0000164,96,Trade,N/A
BNB,0.00000063,2023-02-19 05:30,2023-05-25 23:15,0.01586073,0.01587713,-0.0000164,95,Trade,N/A
BNB,0.00000063,2023-02-20 05:30,2023-05-25 23:15,0.01586073,0.01587713,-0.0000164,94,Trade,N/A
BNB,0.00000063,2023-02-21 05:30,2023-05-25 23:15,0.01586073,0.01587713,-0.0000164,93,Trade,N/A
BNB,0.00000126,2023-02-22 05:30,2023-05-25 23:15,0.03172147,0.03175427,-0.0000328,92,Trade,N/A
BNB,0.00000063,2023-02-23 05:30,2023-05-25 23:15,0.01586073,0.01587713,-0.0000164,91,Trade,N/A
BNB,0.00000063,2023-02-24 05:30,2023-05-25 23:15,0.01586073,0.01587713,-0.0000164,90,Trade,N/A
BNB,0.00000063,2023-02-25 05:30,2023-05-25 23:15,0.01586073,0.01587713,-0.0000164,89,Trade,N/A
BNB,0.00000063,2023-02-26 05:30,2023-05-25 23:15,0.01586073,0.01587713,-0.0000164,88,Trade,N/A
BNB,0.00000063,2023-02-27 05:30,2023-05-25 23:15,0.01586073,0.01587713,-0.0000164,87,Trade,N/A
BNB,0.00000063,2023-02-28 05:30,2023-05-25 23:15,0.01586073,0.01587713,-0.0000164,86,Trade,N/A
BNB,0.00000063,2023-03-01 05:30,2023-05-25 23:15,0.01586073,0.01587713,-0.0000164,85,Trade,N/A
BNB,0.00000063,2023-03-02 05:30,2023-05-25 23:15,0.01586073,0.01587713,-0.0000164,84,Trade,N/A
BNB,0.00000063,2023-03-03 05:30,2023-05-25 23:15,0.01586073,0.01587713,-0.0000164,83,Trade,N/A
BNB,0.00000063,2023-03-04 05:30,2023-05-25 23:15,0.01586073,0.01587713,-0.0000164,82,Trade,N/A
BNB,0.00000063,2023-03-05 05:30,2023-05-25 23:15,0.01586073,0.01587713,-0.0000164,81,Trade,N/A
BNB,0.00000063,2023-03-06 05:30,2023-05-25 23:15,0.01586073,0.01587713,-0.0000164,80,Trade,N/A
BNB,0.00000063,2023-03-07 05:30,2023-05-25 23:15,0.01586073,0.01587713,-0.0000164,79,Trade,N/A
BNB,0.00000063,2023-03-08 05:30,2023-05-25 23:15,0.01586073,0.01587713,-0.0000164,78,Trade,N/A
BNB,0.00000063,2023-03-09 05:30,2023-05-25 23:15,0.01586073,0.01587713,-0.0000164,77,Trade,N/A
BNB,0.00000063,2023-03-10 05:30,2023-05-25 23:15,0.01586073,0.01587713,-0.0000164,76,Trade,N/A
BNB,0.00000063,2023-03-11 05:30,2023-05-25 23:15,0.01586073,0.01587713,-0.0000164,75,Trade,N/A
BNB,0.00000063,2023-03-12 05:30,2023-05-25 23:15,0.01586073,0.01587713,-0.0000164,74,Trade,N/A
BNB,0.00000063,2023-03-13 05:30,2023-05-25 23:15,0.01586073,0.01587713,-0.0000164,73,Trade,N/A
BNB,0.00000063,2023-03-14 05:30,2023-05-25 23:15,0.01586073,0.01587713,-0.0000164,72,Trade,N/A
BNB,0.00000063,2023-03-15 05:30,2023-05-25 23:15,0.01586073,0.01587713,-0.0000164,71,Trade,N/A
BNB,0.00000063,2023-03-16 05:30,2023-05-25 23:15,0.01586073,0.01587713,-0.0000164,70,Trade,N/A
BNB,0.00000063,2023-03-17 05:30,2023-05-25 23:15,0.01586073,0.01587713,-0.0000164,69,Trade,N/A
BNB,0.00000063,2023-03-18 05:30,2023-05-25 23:15,0.01586073,0.01587713,-0.0000164,68,Trade,N/A
BNB,0.00000063,2023-03-19 05:30,2023-05-25 23:15,0.01586073,0.01587713,-0.0000164,67,Trade,N/A
BNB,0.00000063,2023-03-20 05:30,2023-05-25 23:15,0.01586073,0.01587713,-0.0000164,66,Trade,N/A
BNB,0.00000063,2023-03-21 05:30,2023-05-25 23:15,0.01586073,0.01587713,-0.0000164,65,Trade,N/A
BNB,0.00000063,2023-03-22 05:30,2023-05-25 23:15,0.01586073,0.01587713,-0.0000164,64,Trade,N/A
BNB,0.00000063,2023-03-23 05:30,2023-05-25 23:15,0.01586073,0.01587713,-0.0000164,63,Trade,N/A
BNB,0.00000063,2023-03-24 05:30,2023-05-25 23:15,0.01586073,0.01587713,-0.0000164,62,Trade,N/A
BNB,0.00000063,2023-03-25 05:30,2023-05-25 23:15,0.01586073,0.01587713,-0.0000164,61,Trade,N/A
BNB,0.00000063,2023-03-26 05:30,2023-05-25 23:15,0.01586073,0.01587713,-0.0000164,60,Trade,N/A
BNB,0.00000063,2023-03-27 05:30,2023-05-25 23:15,0.01586073,0.01587713,-0.0000164,59,Trade,N/A
BNB,0.00000063,2023-03-28 05:30,2023-05-25 23:15,0.01586073,0.01587713,-0.0000164,58,Trade,N/A
BNB,0.00000063,2023-03-29 05:30,2023-05-25 23:15,0.01586073,0.01587713,-0.0000164,57,Trade,N/A
BNB,0.00000063,2023-03-30 05:30,2023-05-25 23:15,0.01586073,0.01587713,-0.0000164,56,Trade,N/A
BNB,0.00000063,2023-03-31 05:30,2023-05-25 23:15,0.01586073,0.01587713,-0.0000164,55,Trade,N/A
BNB,0.00000063,2023-04-01 05:30,2023-05-25 23:15,0.01586073,0.01587713,-0.0000164,54,Trade,N/A
BNB,0.00000063,2023-04-02 05:30,2023-05-25 23:15,0.01586073,0.01587713,-0.0000164,53,Trade,N/A
BNB,0.00000063,2023-04-03 05:30,2023-05-25 23:15,0.01586073,0.01587713,-0.0000164,52,Trade,N/A
BNB,0.00000063,2023-04-04 05:30,2023-05-25 23:15,0.01586073,0.01587713,-0.0000164,51,Trade,N/A
BNB,0.00000063,2023-04-05 05:30,2023-05-25 23:15,0.01586073,0.01587713,-0.0000164,50,Trade,N/A
BNB,0.00000063,2023-04-06 05:30,2023-05-25 23:15,0.01586073,0.01587713,-0.0000164,49,Trade,N/A
BNB,0.00000063,2023-04-07 05:30,2023-05-25 23:15,0.01586073,0.01587713,-0.0000164,48,Trade,N/A
BNB,0.00000063,2023-04-08 05:30,2023-05-25 23:15,0.01586073,0.01587713,-0.0000164,47,Trade,N/A
BNB,0.00000063,2023-04-09 05:30,2023-05-25 23:15,0.01586073,0.01587713,-0.0000164,46,Trade,N/A
BNB,0.00000063,2023-04-10 05:30,2023-05-25 23:15,0.01586073,0.01587713,-0.0000164,45,Trade,N/A
BNB,0.00000063,2023-04-11 05:30,2023-05-25 23:15,0.01586073,0.01587713,-0.0000164,44,Trade,N/A
BNB,0.00000063,2023-04-12 05:30,2023-05-25 23:15,0.01586073,0.01587713,-0.0000164,43,Trade,N/A
BNB,0.00000063,2023-04-13 05:30,2023-05-25 23:15,0.01586073,0.01587713,-0.0000164,42,Trade,N/A
BNB,0.00000063,2023-04-14 05:30,2023-05-25 23:15,0.01586073,0.01587713,-0.0000164,41,Trade,N/A
BNB,0.00000063,2023-04-15 05:30,2023-05-25 23:15,0.01586073,0.01587713,-0.0000164,40,Trade,N/A
BNB,0.00000063,2023-04-16 05:30,2023-05-25 23:15,0.01586073,0.01587713,-0.0000164,39,Trade,N/A
BNB,0.00000063,2023-04-17 05:30,2023-05-25 23:15,0.01586073,0.01587713,-0.0000164,38,Trade,N/A
BNB,0.00000063,2023-04-18 05:30,2023-05-25 23:15,0.01586073,0.01587713,-0.0000164,37,Trade,N/A
BNB,0.00000063,2023-04-19 05:30,2023-05-25 23:15,0.01586073,0.01587713,-0.0000164,36,Trade,N/A
BNB,0.00000063,2023-04-20 05:30,2023-05-25 23:15,0.01586073,0.01587713,-0.0000164,35,Trade,N/A
BNB,0.00000063,2023-04-21 05:30,2023-05-25 23:15,0.01586073,0.01587713,-0.0000164,34,Trade,N/A
BNB,0.00000063,2023-04-22 05:30,2023-05-25 23:15,0.01586073,0.01587713,-0.0000164,33,Trade,N/A
BNB,0.00000063,2023-04-23 05:30,2023-05-25 23:15,0.01586073,0.01587713,-0.0000164,32,Trade,N/A
BNB,0.00000063,2023-04-24 05:30,2023-05-25 23:15,0.01586073,0.01587713,-0.0000164,31,Trade,N/A
BNB,0.00000063,2023-04-25 05:30,2023-05-25 23:15,0.01586073,0.01587713,-0.0000164,30,Trade,N/A
BNB,0.00000063,2023-04-26 05:30,2023-05-25 23:15,0.01586073,0.01587713,-0.0000164,29,Trade,N/A
BNB,0.00000063,2023-04-27 05:30,2023-05-25 23:15,0.01586073,0.01587713,-0.0000164,28,Trade,N/A
BNB,0.00000063,2023-04-28 05:30,2023-05-25 23:15,0.01586073,0.01587713,-0.0000164,27,Trade,N/A
BNB,0.00000063,2023-04-29 05:30,2023-05-25 23:15,0.01586073,0.01587713,-0.0000164,26,Trade,N/A
BNB,0.00000063,2023-04-30 05:30,2023-05-25 23:15,0.01586073,0.01587713,-0.0000164,25,Trade,N/A
BNB,0.00000063,2023-05-01 05:30,2023-05-25 23:15,0.01586073,0.01587713,-0.0000164,24,Trade,N/A
BNB,0.00000063,2023-05-02 05:30,2023-05-25 23:15,0.01586073,0.01587713,-0.0000164,23,Trade,N/A
BNB,0.00000063,2023-05-03 05:30,2023-05-25 23:15,0.01586073,0.01587713,-0.0000164,22,Trade,N/A
BNB,0.00000063,2023-05-04 05:30,2023-05-25 23:15,0.01586073,0.01587713,-0.0000164,21,Trade,N/A
BNB,0.00000063,2023-05-05 05:30,2023-05-25 23:15,0.01586073,0.01587713,-0.0000164,20,Trade,N/A
BNB,0.00000063,2023-05-06 05:30,2023-05-25 23:15,0.01586073,0.01587713,-0.0000164,19,Trade,N/A
BNB,0.00000063,2023-05-07 05:30,2023-05-25 23:15,0.01586073,0.01587713,-0.0000164,18,Trade,N/A
BNB,0.00000063,2023-05-08 05:30,2023-05-25 23:15,0.01586073,0.01587713,-0.0000164,17,Trade,N/A
BNB,0.00000063,2023-05-09 05:30,2023-05-25 23:15,0.01586073,0.01587713,-0.0000164,16,Trade,N/A
BNB,0.00000063,2023-05-10 05:30,2023-05-25 23:15,0.01586073,0.01587713,-0.0000164,15,Trade,N/A
BNB,0.00000063,2023-05-11 05:30,2023-05-25 23:15,0.01586073,0.01587713,-0.0000164,14,Trade,N/A
BNB,0.00000063,2023-05-12 05:30,2023-05-25 23:15,0.01586073,0.01587713,-0.0000164,13,Trade,N/A
BNB,0.00000063,2023-05-13 05:30,2023-05-25 23:15,0.01586073,0.01587713,-0.0000164,12,Trade,N/A
BNB,0.00000063,2023-05-14 05:30,2023-05-25 23:15,0.01586073,0.01587713,-0.0000164,11,Trade,N/A
BNB,0.00000063,2023-05-15 05:30,2023-05-25 23:15,0.01586073,0.01587713,-0.0000164,10,Trade,N/A
BNB,0.00000063,2023-05-16 05:30,2023-05-25 23:15,0.01586073,0.01587713,-0.0000164,9,Trade,N/A
BNB,0.00000063,2023-05-17 05:30,2023-05-25 23:15,0.01586073,0.01587713,-0.0000164,8,Trade,N/A
BNB,0.00000063,2023-05-18 05:30,2023-05-25 23:15,0.01586073,0.01587713,-0.0000164,7,Trade,N/A
BNB,0.00000063,2023-05-20 05:30,2023-05-25 23:15,0.01586073,0.01587713,-0.0000164,5,Trade,N/A
BNB,0.00000063,2023-05-21 05:30,2023-05-25 23:15,0.01586073,0.01587713,-0.0000164,4,Trade,N/A
BNB,0.00000087,2023-05-22 05:30,2023-05-25 23:15,0.02190292,0.02192557,-0.00002265,3,Trade,N/A
BNB,0.00000087,2023-05-23 05:30,2023-05-25 23:15,0.02190292,0.02192557,-0.00002265,2,Trade,N/A
BNB,0.00000087,2023-05-24 05:30,2023-05-25 23:15,0.02190292,0.02192557,-0.00002265,1,Trade,N/A
BNB,0.09085502,N/A,2023-05-25 23:15,2287.34474293,2289.71009184,-2.36534892,N/A,Trade,N/A
XRP,0.08396,2021-11-29 15:56,2023-05-25 23:21,3.15529062,2.79020693,0.36508369,542,Trade,N/A
XRP,864.172242,2022-11-26 13:36,2023-05-25 23:21,32476.35267355,28718.6681385,3757.68453505,180,Trade,N/A
XRP,0.01419834,2022-11-29 05:30,2023-05-25 23:21,0.5335861,0.47184739,0.06173871,177,Trade,N/A
XRP,0.01419834,2022-11-30 05:30,2023-05-25 23:21,0.5335861,0.47184739,0.06173871,176,Trade,N/A
XRP,0.01419858,2022-12-01 05:30,2023-05-25 23:21,0.53359512,0.47185536,0.06173976,175,Trade,N/A
XRP,0.01419881,2022-12-02 05:30,2023-05-25 23:21,0.53360376,0.47186301,0.06174076,174,Trade,N/A
XRP,0.01419904,2022-12-03 05:30,2023-05-25 23:21,0.53361241,0.47187065,0.06174176,173,Trade,N/A
XRP,0.01419928,2022-12-04 05:30,2023-05-25 23:21,0.53362143,0.47187863,0.0617428,172,Trade,N/A
XRP,0.01419951,2022-12-05 05:30,2023-05-25 23:21,0.53363007,0.47188627,0.0617438,171,Trade,N/A
XRP,0.01419974,2022-12-06 05:30,2023-05-25 23:21,0.53363871,0.47189391,0.0617448,170,Trade,N/A
XRP,0.01419998,2022-12-07 05:30,2023-05-25 23:21,0.53364773,0.47190189,0.06174584,169,Trade,N/A
XRP,0.01420021,2022-12-08 05:30,2023-05-25 23:21,0.53365638,0.47190953,0.06174685,168,Trade,N/A
XRP,0.01420044,2022-12-09 05:30,2023-05-25 23:21,0.53366502,0.47191718,0.06174785,167,Trade,N/A
XRP,0.01420068,2022-12-10 05:30,2023-05-25 23:21,0.53367404,0.47192515,0.06174889,166,Trade,N/A
XRP,0.01420091,2022-12-11 05:30,2023-05-25 23:21,0.53368268,0.4719328,0.06174989,165,Trade,N/A
XRP,0.01420114,2022-12-12 05:30,2023-05-25 23:21,0.53369133,0.47194044,0.06175089,164,Trade,N/A
XRP,0.01420138,2022-12-13 05:30,2023-05-25 23:21,0.53370035,0.47194841,0.06175193,163,Trade,N/A
XRP,0.01420161,2022-12-14 05:30,2023-05-25 23:21,0.53370899,0.47195606,0.06175293,162,Trade,N/A
XRP,0.01420184,2022-12-15 05:30,2023-05-25 23:21,0.53371763,0.4719637,0.06175393,161,Trade,N/A
XRP,0.01420208,2022-12-16 05:30,2023-05-25 23:21,0.53372665,0.47197168,0.06175498,160,Trade,N/A
XRP,0.01420231,2022-12-17 05:30,2023-05-25 23:21,0.5337353,0.47197932,0.06175598,159,Trade,N/A
XRP,0.01420254,2022-12-18 05:30,2023-05-25 23:21,0.53374394,0.47198696,0.06175698,158,Trade,N/A
XRP,0.01420278,2022-12-19 05:30,2023-05-25 23:21,0.53375296,0.47199494,0.06175802,157,Trade,N/A
XRP,0.01420301,2022-12-20 05:30,2023-05-25 23:21,0.5337616,0.47200258,0.06175902,156,Trade,N/A
XRP,0.01420324,2022-12-21 05:30,2023-05-25 23:21,0.53377025,0.47201023,0.06176002,155,Trade,N/A
XRP,0.01420348,2022-12-22 05:30,2023-05-25 23:21,0.53377927,0.4720182,0.06176106,154,Trade,N/A
XRP,0.01420371,2022-12-23 05:30,2023-05-25 23:21,0.53378791,0.47202585,0.06176206,153,Trade,N/A
XRP,0.01420394,2022-12-24 05:30,2023-05-25 23:21,0.53379655,0.47203349,0.06176306,152,Trade,N/A
XRP,0.01420418,2022-12-25 05:30,2023-05-25 23:21,0.53380557,0.47204147,0.06176411,151,Trade,N/A
XRP,0.01420441,2022-12-26 05:30,2023-05-25 23:21,0.53381422,0.47204911,0.06176511,150,Trade,N/A
XRP,0.01420464,2022-12-27 05:30,2023-05-25 23:21,0.53382286,0.47205675,0.06176611,149,Trade,N/A
XRP,0.01420488,2022-12-28 05:30,2023-05-25 23:21,0.53383188,0.47206473,0.06176715,148,Trade,N/A
XRP,0.01420511,2022-12-29 05:30,2023-05-25 23:21,0.53384052,0.47207237,0.06176815,147,Trade,N/A
XRP,0.01420534,2022-12-30 05:30,2023-05-25 23:21,0.53384917,0.47208002,0.06176915,146,Trade,N/A
XRP,0.01420558,2022-12-31 05:30,2023-05-25 23:21,0.53385819,0.47208799,0.0617702,145,Trade,N/A
XRP,0.01420581,2023-01-01 05:30,2023-05-25 23:21,0.53386683,0.47209563,0.0617712,144,Trade,N/A
XRP,0.01420605,2023-01-02 05:30,2023-05-25 23:21,0.53387585,0.47210361,0.06177224,143,Trade,N/A
XRP,0.01420628,2023-01-03 05:30,2023-05-25 23:21,0.53388449,0.47211125,0.06177324,142,Trade,N/A
XRP,0.01420651,2023-01-04 05:30,2023-05-25 23:21,0.53389314,0.4721189,0.06177424,141,Trade,N/A
XRP,0.01420675,2023-01-05 05:30,2023-05-25 23:21,0.53390216,0.47212687,0.06177528,140,Trade,N/A
XRP,0.01420698,2023-01-06 05:30,2023-05-25 23:21,0.5339108,0.47213452,0.06177628,139,Trade,N/A
XRP,0.01420721,2023-01-07 05:30,2023-05-25 23:21,0.53391944,0.47214216,0.06177728,138,Trade,N/A
XRP,0.01420745,2023-01-08 05:30,2023-05-25 23:21,0.53392846,0.47215014,0.06177833,137,Trade,N/A
XRP,0.01420768,2023-01-09 05:30,2023-05-25 23:21,0.53393711,0.47215778,0.06177933,136,Trade,N/A
XRP,0.01420791,2023-01-10 05:30,2023-05-25 23:21,0.53394575,0.47216542,0.06178033,135,Trade,N/A
XRP,0.01420815,2023-01-11 05:30,2023-05-25 23:21,0.53395477,0.4721734,0.06178137,134,Trade,N/A
XRP,0.01420838,2023-01-12 05:30,2023-05-25 23:21,0.53396341,0.47218104,0.06178237,133,Trade,N/A
XRP,0.01420861,2023-01-13 05:30,2023-05-25 23:21,0.53397206,0.47218869,0.06178337,132,Trade,N/A
XRP,0.01420885,2023-01-14 05:30,2023-05-25 23:21,0.53398108,0.47219666,0.06178441,131,Trade,N/A
XRP,0.01420908,2023-01-15 05:30,2023-05-25 23:21,0.53398972,0.47220431,0.06178541,130,Trade,N/A
XRP,0.01420931,2023-01-16 05:30,2023-05-25 23:21,0.53399836,0.47221195,0.06178641,129,Trade,N/A
XRP,0.01420955,2023-01-17 05:30,2023-05-25 23:21,0.53400738,0.47221992,0.06178746,128,Trade,N/A
XRP,0.01420978,2023-01-18 05:30,2023-05-25 23:21,0.53401603,0.47222757,0.06178846,127,Trade,N/A
XRP,0.01421001,2023-01-19 05:30,2023-05-25 23:21,0.53402467,0.47223521,0.06178946,126,Trade,N/A
XRP,0.01421025,2023-01-20 05:30,2023-05-25 23:21,0.53403369,0.47224319,0.0617905,125,Trade,N/A
XRP,0.01421048,2023-01-21 05:30,2023-05-25 23:21,0.53404233,0.47225083,0.0617915,124,Trade,N/A
XRP,0.01421071,2023-01-22 05:30,2023-05-25 23:21,0.53405098,0.47225847,0.0617925,123,Trade,N/A
XRP,0.01421095,2023-01-23 05:30,2023-05-25 23:21,0.53406,0.47226645,0.06179355,122,Trade,N/A
XRP,0.01421118,2023-01-24 05:30,2023-05-25 23:21,0.53406864,0.47227409,0.06179455,121,Trade,N/A
XRP,0.01421141,2023-01-25 05:30,2023-05-25 23:21,0.53407728,0.47228174,0.06179555,120,Trade,N/A
XRP,0.01421165,2023-01-26 05:30,2023-05-25 23:21,0.5340863,0.47228971,0.06179659,119,Trade,N/A
XRP,0.01421188,2023-01-27 05:30,2023-05-25 23:21,0.53409495,0.47229736,0.06179759,118,Trade,N/A
XRP,0.01421211,2023-01-28 05:30,2023-05-25 23:21,0.53410359,0.472305,0.06179859,117,Trade,N/A
XRP,0.01421235,2023-01-29 05:30,2023-05-25 23:21,0.53411261,0.47231298,0.06179963,116,Trade,N/A
XRP,0.01421258,2023-01-30 05:30,2023-05-25 23:21,0.53412125,0.47232062,0.06180063,115,Trade,N/A
XRP,0.01421282,2023-01-31 05:30,2023-05-25 23:21,0.53413027,0.47232859,0.06180168,114,Trade,N/A
XRP,0.01421305,2023-02-01 05:30,2023-05-25 23:21,0.53413892,0.47233624,0.06180268,113,Trade,N/A
XRP,0.01421328,2023-02-02 05:30,2023-05-25 23:21,0.53414756,0.47234388,0.06180368,112,Trade,N/A
XRP,0.01421352,2023-02-03 05:30,2023-05-25 23:21,0.53415658,0.47235186,0.06180472,111,Trade,N/A
XRP,0.01421375,2023-02-04 05:30,2023-05-25 23:21,0.53416522,0.4723595,0.06180572,110,Trade,N/A
XRP,0.01421398,2023-02-05 05:30,2023-05-25 23:21,0.53417387,0.47236714,0.06180672,109,Trade,N/A
XRP,0.01421422,2023-02-06 05:30,2023-05-25 23:21,0.53418289,0.47237512,0.06180776,108,Trade,N/A
XRP,0.01421445,2023-02-07 05:30,2023-05-25 23:21,0.53419153,0.47238276,0.06180876,107,Trade,N/A
XRP,0.01421468,2023-02-08 05:30,2023-05-25 23:21,0.53420017,0.47239041,0.06180977,106,Trade,N/A
XRP,0.01421492,2023-02-09 05:30,2023-05-25 23:21,0.53420919,0.47239838,0.06181081,105,Trade,N/A
XRP,0.01421515,2023-02-10 05:30,2023-05-25 23:21,0.53421784,0.47240603,0.06181181,104,Trade,N/A
XRP,0.01421538,2023-02-11 05:30,2023-05-25 23:21,0.53422648,0.47241367,0.06181281,103,Trade,N/A
XRP,0.01421562,2023-02-12 05:30,2023-05-25 23:21,0.5342355,0.47242165,0.06181385,102,Trade,N/A
XRP,0.01421585,2023-02-13 05:30,2023-05-25 23:21,0.53424414,0.47242929,0.06181485,101,Trade,N/A
XRP,0.01421608,2023-02-14 05:30,2023-05-25 23:21,0.53425279,0.47243693,0.06181585,100,Trade,N/A
XRP,0.01421632,2023-02-15 05:30,2023-05-25 23:21,0.53426181,0.47244491,0.0618169,99,Trade,N/A
XRP,0.01421655,2023-02-16 05:30,2023-05-25 23:21,0.53427045,0.47245255,0.0618179,98,Trade,N/A
XRP,0.01421679,2023-02-17 05:30,2023-05-25 23:21,0.53427947,0.47246053,0.06181894,97,Trade,N/A
XRP,0.01421702,2023-02-18 05:30,2023-05-25 23:21,0.53428811,0.47246817,0.06181994,96,Trade,N/A
XRP,0.01421725,2023-02-19 05:30,2023-05-25 23:21,0.53429676,0.47247582,0.06182094,95,Trade,N/A
XRP,0.01421749,2023-02-20 05:30,2023-05-25 23:21,0.53430577,0.47248379,0.06182198,94,Trade,N/A
XRP,0.01421772,2023-02-21 05:30,2023-05-25 23:21,0.53431442,0.47249143,0.06182298,93,Trade,N/A
XRP,0.01421795,2023-02-22 05:30,2023-05-25 23:21,0.53432306,0.47249908,0.06182398,92,Trade,N/A
XRP,7.16057919,N/A,2023-05-25 23:21,269.10086186,237.96447912,31.13638274,N/A,Trade,N/A
USDT,13.74478,2022-11-26 14:59,2023-05-25 23:26,1138.23363626,1130.33369565,7.89994061,180,Trade,N/A
USDT,0.00000243,2022-11-29 05:30,2023-05-25 23:26,0.00020123,0.00019984,0.0000014,177,Trade,N/A
USDT,0.00000243,2022-11-30 05:30,2023-05-25 23:26,0.00020123,0.00019984,0.0000014,176,Trade,N/A
USDT,0.00000243,2022-12-01 05:30,2023-05-25 23:26,0.00020123,0.00019984,0.0000014,175,Trade,N/A
USDT,0.00000267,2022-12-02 05:30,2023-05-25 23:26,0.00022111,0.00021957,0.00000153,174,Trade,N/A
USDT,0.00000268,2022-12-03 05:30,2023-05-25 23:26,0.00022194,0.0002204,0.00000154,173,Trade,N/A
USDT,0.00000268,2022-12-04 05:30,2023-05-25 23:26,0.00022194,0.0002204,0.00000154,172,Trade,N/A
USDT,0.00000268,2022-12-05 05:30,2023-05-25 23:26,0.00022194,0.0002204,0.00000154,171,Trade,N/A
USDT,0.00000268,2022-12-06 05:30,2023-05-25 23:26,0.00022194,0.0002204,0.00000154,170,Trade,N/A
USDT,0.00000268,2022-12-07 05:30,2023-05-25 23:26,0.00022194,0.0002204,0.00000154,169,Trade,N/A
USDT,0.00000268,2022-12-08 05:30,2023-05-25 23:26,0.00022194,0.0002204,0.00000154,168,Trade,N/A
USDT,0.00000268,2022-12-09 05:30,2023-05-25 23:26,0.00022194,0.0002204,0.00000154,167,Trade,N/A
USDT,0.00000268,2022-12-10 05:30,2023-05-25 23:26,0.00022194,0.0002204,0.00000154,166,Trade,N/A
USDT,0.00000268,2022-12-11 05:30,2023-05-25 23:26,0.00022194,0.0002204,0.00000154,165,Trade,N/A
USDT,0.00000268,2022-12-12 05:30,2023-05-25 23:26,0.00022194,0.0002204,0.00000154,164,Trade,N/A
USDT,0.00000268,2022-12-13 05:30,2023-05-25 23:26,0.00022194,0.0002204,0.00000154,163,Trade,N/A
USDT,0.00000268,2022-12-14 05:30,2023-05-25 23:26,0.00022194,0.0002204,0.00000154,162,Trade,N/A
USDT,0.00000268,2022-12-15 05:30,2023-05-25 23:26,0.00022194,0.0002204,0.00000154,161,Trade,N/A
USDT,0.00000268,2022-12-16 05:30,2023-05-25 23:26,0.00022194,0.0002204,0.00000154,160,Trade,N/A
USDT,0.00000268,2022-12-17 05:30,2023-05-25 23:26,0.00022194,0.0002204,0.00000154,159,Trade,N/A
USDT,0.00000268,2022-12-18 05:30,2023-05-25 23:26,0.00022194,0.0002204,0.00000154,158,Trade,N/A
USDT,0.00000268,2022-12-19 05:30,2023-05-25 23:26,0.00022194,0.0002204,0.00000154,157,Trade,N/A
USDT,0.00000268,2022-12-20 05:30,2023-05-25 23:26,0.00022194,0.0002204,0.00000154,156,Trade,N/A
USDT,0.00000268,2022-12-21 05:30,2023-05-25 23:26,0.00022194,0.0002204,0.00000154,155,Trade,N/A
USDT,0.00000268,2022-12-22 05:30,2023-05-25 23:26,0.00022194,0.0002204,0.00000154,154,Trade,N/A
USDT,0.00000268,2022-12-23 05:30,2023-05-25 23:26,0.00022194,0.0002204,0.00000154,153,Trade,N/A
USDT,0.00000268,2022-12-24 05:30,2023-05-25 23:26,0.00022194,0.0002204,0.00000154,152,Trade,N/A
USDT,0.00000268,2022-12-25 05:30,2023-05-25 23:26,0.00022194,0.0002204,0.00000154,151,Trade,N/A
USDT,0.00000268,2022-12-26 05:30,2023-05-25 23:26,0.00022194,0.0002204,0.00000154,150,Trade,N/A
USDT,0.00000268,2022-12-27 05:30,2023-05-25 23:26,0.00022194,0.0002204,0.00000154,149,Trade,N/A
USDT,0.00000269,2022-12-28 05:30,2023-05-25 23:26,0.00022276,0.00022122,0.00000155,148,Trade,N/A
USDT,0.00000269,2022-12-29 05:30,2023-05-25 23:26,0.00022276,0.00022122,0.00000155,147,Trade,N/A
USDT,0.00000269,2022-12-30 05:30,2023-05-25 23:26,0.00022276,0.00022122,0.00000155,146,Trade,N/A
USDT,0.00000269,2022-12-31 05:30,2023-05-25 23:26,0.00022276,0.00022122,0.00000155,145,Trade,N/A
USDT,0.00000269,2023-01-01 05:30,2023-05-25 23:26,0.00022276,0.00022122,0.00000155,144,Trade,N/A
USDT,0.00000269,2023-01-02 05:30,2023-05-25 23:26,0.00022276,0.00022122,0.00000155,143,Trade,N/A
USDT,0.00000269,2023-01-03 05:30,2023-05-25 23:26,0.00022276,0.00022122,0.00000155,142,Trade,N/A
USDT,0.00000269,2023-01-04 05:30,2023-05-25 23:26,0.00022276,0.00022122,0.00000155,141,Trade,N/A
USDT,0.00000269,2023-01-05 05:30,2023-05-25 23:26,0.00022276,0.00022122,0.00000155,140,Trade,N/A
USDT,0.00000269,2023-01-06 05:30,2023-05-25 23:26,0.00022276,0.00022122,0.00000155,139,Trade,N/A
USDT,0.00000269,2023-01-07 05:30,2023-05-25 23:26,0.00022276,0.00022122,0.00000155,138,Trade,N/A
USDT,0.00000269,2023-01-08 05:30,2023-05-25 23:26,0.00022276,0.00022122,0.00000155,137,Trade,N/A
USDT,0.00000269,2023-01-09 05:30,2023-05-25 23:26,0.00022276,0.00022122,0.00000155,136,Trade,N/A
USDT,0.00000269,2023-01-10 05:30,2023-05-25 23:26,0.00022276,0.00022122,0.00000155,135,Trade,N/A
USDT,0.00000269,2023-01-11 05:30,2023-05-25 23:26,0.00022276,0.00022122,0.00000155,134,Trade,N/A
USDT,0.00000269,2023-01-12 05:30,2023-05-25 23:26,0.00022276,0.00022122,0.00000155,133,Trade,N/A
USDT,0.00000269,2023-01-13 05:30,2023-05-25 23:26,0.00022276,0.00022122,0.00000155,132,Trade,N/A
USDT,0.00000269,2023-01-14 05:30,2023-05-25 23:26,0.00022276,0.00022122,0.00000155,131,Trade,N/A
USDT,0.00000269,2023-01-15 05:30,2023-05-25 23:26,0.00022276,0.00022122,0.00000155,130,Trade,N/A
USDT,0.00000269,2023-01-16 05:30,2023-05-25 23:26,0.00022276,0.00022122,0.00000155,129,Trade,N/A
USDT,0.00000269,2023-01-17 05:30,2023-05-25 23:26,0.00022276,0.00022122,0.00000155,128,Trade,N/A
USDT,0.00000269,2023-01-18 05:30,2023-05-25 23:26,0.00022276,0.00022122,0.00000155,127,Trade,N/A
USDT,0.00000269,2023-01-19 05:30,2023-05-25 23:26,0.00022276,0.00022122,0.00000155,126,Trade,N/A
USDT,0.00000269,2023-01-20 05:30,2023-05-25 23:26,0.00022276,0.00022122,0.00000155,125,Trade,N/A
USDT,0.0000027,2023-01-21 05:30,2023-05-25 23:26,0.00022359,0.00022204,0.00000155,124,Trade,N/A
USDT,0.0000027,2023-01-22 05:30,2023-05-25 23:26,0.00022359,0.00022204,0.00000155,123,Trade,N/A
USDT,0.0000027,2023-01-23 05:30,2023-05-25 23:26,0.00022359,0.00022204,0.00000155,122,Trade,N/A
USDT,0.0000027,2023-01-24 05:30,2023-05-25 23:26,0.00022359,0.00022204,0.00000155,121,Trade,N/A
USDT,0.0000027,2023-01-25 05:30,2023-05-25 23:26,0.00022359,0.00022204,0.00000155,120,Trade,N/A
USDT,0.0000027,2023-01-26 05:30,2023-05-25 23:26,0.00022359,0.00022204,0.00000155,119,Trade,N/A
USDT,0.0000027,2023-01-27 05:30,2023-05-25 23:26,0.00022359,0.00022204,0.00000155,118,Trade,N/A
USDT,0.0000027,2023-01-28 05:30,2023-05-25 23:26,0.00022359,0.00022204,0.00000155,117,Trade,N/A
USDT,0.0000027,2023-01-29 05:30,2023-05-25 23:26,0.00022359,0.00022204,0.00000155,116,Trade,N/A
USDT,0.0000027,2023-01-30 05:30,2023-05-25 23:26,0.00022359,0.00022204,0.00000155,115,Trade,N/A
USDT,0.0000027,2023-01-31 05:30,2023-05-25 23:26,0.00022359,0.00022204,0.00000155,114,Trade,N/A
USDT,0.0000027,2023-02-01 05:30,2023-05-25 23:26,0.00022359,0.00022204,0.00000155,113,Trade,N/A
USDT,0.0000027,2023-02-02 05:30,2023-05-25 23:26,0.00022359,0.00022204,0.00000155,112,Trade,N/A
USDT,0.0000027,2023-02-03 05:30,2023-05-25 23:26,0.00022359,0.00022204,0.00000155,111,Trade,N/A
USDT,0.0000027,2023-02-04 05:30,2023-05-25 23:26,0.00022359,0.00022204,0.00000155,110,Trade,N/A
USDT,0.0000027,2023-02-05 05:30,2023-05-25 23:26,0.00022359,0.00022204,0.00000155,109,Trade,N/A
USDT,0.0000027,2023-02-06 05:30,2023-05-25 23:26,0.00022359,0.00022204,0.00000155,108,Trade,N/A
USDT,0.0000027,2023-02-07 05:30,2023-05-25 23:26,0.00022359,0.00022204,0.00000155,107,Trade,N/A
USDT,0.0000027,2023-02-08 05:30,2023-05-25 23:26,0.00022359,0.00022204,0.00000155,106,Trade,N/A
USDT,0.0000027,2023-02-09 05:30,2023-05-25 23:26,0.00022359,0.00022204,0.00000155,105,Trade,N/A
USDT,0.0000027,2023-02-10 05:30,2023-05-25 23:26,0.00022359,0.00022204,0.00000155,104,Trade,N/A
USDT,0.0000027,2023-02-11 05:30,2023-05-25 23:26,0.00022359,0.00022204,0.00000155,103,Trade,N/A
USDT,0.0000027,2023-02-12 05:30,2023-05-25 23:26,0.00022359,0.00022204,0.00000155,102,Trade,N/A
USDT,0.0000027,2023-02-13 05:30,2023-05-25 23:26,0.00022359,0.00022204,0.00000155,101,Trade,N/A
USDT,0.0000027,2023-02-14 05:30,2023-05-25 23:26,0.00022359,0.00022204,0.00000155,100,Trade,N/A
USDT,0.00000271,2023-02-15 05:30,2023-05-25 23:26,0.00022442,0.00022286,0.00000156,99,Trade,N/A
USDT,0.00000271,2023-02-16 05:30,2023-05-25 23:26,0.00022442,0.00022286,0.00000156,98,Trade,N/A
USDT,0.00000271,2023-02-17 05:30,2023-05-25 23:26,0.00022442,0.00022286,0.00000156,97,Trade,N/A
USDT,0.00000271,2023-02-18 05:30,2023-05-25 23:26,0.00022442,0.00022286,0.00000156,96,Trade,N/A
USDT,0.00000271,2023-02-19 05:30,2023-05-25 23:26,0.00022442,0.00022286,0.00000156,95,Trade,N/A
USDT,0.00000271,2023-02-20 05:30,2023-05-25 23:26,0.00022442,0.00022286,0.00000156,94,Trade,N/A
USDT,0.00000271,2023-02-21 05:30,2023-05-25 23:26,0.00022442,0.00022286,0.00000156,93,Trade,N/A
USDT,0.00000271,2023-02-22 05:30,2023-05-25 23:26,0.00022442,0.00022286,0.00000156,92,Trade,N/A
USDT,0.00000271,2023-02-22 05:30,2023-05-25 23:26,0.00022442,0.00022286,0.00000156,92,Trade,N/A
USDT,0.00000074,2023-02-23 05:30,2023-05-25 23:26,0.00006128,0.00006086,0.00000043,91,Trade,N/A
USDT,0.00000074,2023-02-24 05:30,2023-05-25 23:26,0.00006128,0.00006086,0.00000043,90,Trade,N/A
USDT,0.00000074,2023-02-25 05:30,2023-05-25 23:26,0.00006128,0.00006086,0.00000043,89,Trade,N/A
USDT,0.00000074,2023-02-26 05:30,2023-05-25 23:26,0.00006128,0.00006086,0.00000043,88,Trade,N/A
USDT,0.00000074,2023-02-27 05:30,2023-05-25 23:26,0.00006128,0.00006086,0.00000043,87,Trade,N/A
USDT,0.00000074,2023-02-28 05:30,2023-05-25 23:26,0.00006128,0.00006086,0.00000043,86,Trade,N/A
USDT,0.00000074,2023-03-01 05:30,2023-05-25 23:26,0.00006128,0.00006086,0.00000043,85,Trade,N/A
USDT,0.00000074,2023-03-02 05:30,2023-05-25 23:26,0.00006128,0.00006086,0.00000043,84,Trade,N/A
USDT,0.00000074,2023-03-03 05:30,2023-05-25 23:26,0.00006128,0.00006086,0.00000043,83,Trade,N/A
USDT,0.00000074,2023-03-04 05:30,2023-05-25 23:26,0.00006128,0.00006086,0.00000043,82,Trade,N/A
USDT,0.00000074,2023-03-05 05:30,2023-05-25 23:26,0.00006128,0.00006086,0.00000043,81,Trade,N/A
USDT,0.00000074,2023-03-06 05:30,2023-05-25 23:26,0.00006128,0.00006086,0.00000043,80,Trade,N/A
USDT,0.00000074,2023-03-07 05:30,2023-05-25 23:26,0.00006128,0.00006086,0.00000043,79,Trade,N/A
USDT,0.00000074,2023-03-08 05:30,2023-05-25 23:26,0.00006128,0.00006086,0.00000043,78,Trade,N/A
USDT,0.00000074,2023-03-09 05:30,2023-05-25 23:26,0.00006128,0.00006086,0.00000043,77,Trade,N/A
USDT,0.00000074,2023-03-10 05:30,2023-05-25 23:26,0.00006128,0.00006086,0.00000043,76,Trade,N/A
USDT,0.00000074,2023-03-11 05:30,2023-05-25 23:26,0.00006128,0.00006086,0.00000043,75,Trade,N/A
USDT,0.00000074,2023-03-12 05:30,2023-05-25 23:26,0.00006128,0.00006086,0.00000043,74,Trade,N/A
USDT,0.00000074,2023-03-13 05:30,2023-05-25 23:26,0.00006128,0.00006086,0.00000043,73,Trade,N/A
USDT,0.00000074,2023-03-14 05:30,2023-05-25 23:26,0.00006128,0.00006086,0.00000043,72,Trade,N/A
USDT,0.00000074,2023-03-15 05:30,2023-05-25 23:26,0.00006128,0.00006086,0.00000043,71,Trade,N/A
USDT,0.00000074,2023-03-16 05:30,2023-05-25 23:26,0.00006128,0.00006086,0.00000043,70,Trade,N/A
USDT,0.00000074,2023-03-17 05:30,2023-05-25 23:26,0.00006128,0.00006086,0.00000043,69,Trade,N/A
USDT,0.00000074,2023-03-18 05:30,2023-05-25 23:26,0.00006128,0.00006086,0.00000043,68,Trade,N/A
USDT,0.00000074,2023-03-19 05:30,2023-05-25 23:26,0.00006128,0.00006086,0.00000043,67,Trade,N/A
USDT,0.00000074,2023-03-20 05:30,2023-05-25 23:26,0.00006128,0.00006086,0.00000043,66,Trade,N/A
USDT,0.00000074,2023-03-21 05:30,2023-05-25 23:26,0.00006128,0.00006086,0.00000043,65,Trade,N/A
USDT,0.00000074,2023-03-22 05:30,2023-05-25 23:26,0.00006128,0.00006086,0.00000043,64,Trade,N/A
USDT,0.00000074,2023-03-23 05:30,2023-05-25 23:26,0.00006128,0.00006086,0.00000043,63,Trade,N/A
USDT,0.00000074,2023-03-24 05:30,2023-05-25 23:26,0.00006128,0.00006086,0.00000043,62,Trade,N/A
USDT,0.00000074,2023-03-25 05:30,2023-05-25 23:26,0.00006128,0.00006086,0.00000043,61,Trade,N/A
USDT,0.00000074,2023-03-26 05:30,2023-05-25 23:26,0.00006128,0.00006086,0.00000043,60,Trade,N/A
USDT,0.00000074,2023-03-27 05:30,2023-05-25 23:26,0.00006128,0.00006086,0.00000043,59,Trade,N/A
USDT,0.00000074,2023-03-28 05:30,2023-05-25 23:26,0.00006128,0.00006086,0.00000043,58,Trade,N/A
USDT,0.00000074,2023-03-29 05:30,2023-05-25 23:26,0.00006128,0.00006086,0.00000043,57,Trade,N/A
USDT,0.00000074,2023-03-30 05:30,2023-05-25 23:26,0.00006128,0.00006086,0.00000043,56,Trade,N/A
USDT,0.00000074,2023-03-31 05:30,2023-05-25 23:26,0.00006128,0.00006086,0.00000043,55,Trade,N/A
USDT,0.00000074,2023-04-01 05:30,2023-05-25 23:26,0.00006128,0.00006086,0.00000043,54,Trade,N/A
USDT,0.00000074,2023-04-02 05:30,2023-05-25 23:26,0.00006128,0.00006086,0.00000043,53,Trade,N/A
USDT,0.00000074,2023-04-03 05:30,2023-05-25 23:26,0.00006128,0.00006086,0.00000043,52,Trade,N/A
USDT,0.00000074,2023-04-04 05:30,2023-05-25 23:26,0.00006128,0.00006086,0.00000043,51,Trade,N/A
USDT,0.00000074,2023-04-05 05:30,2023-05-25 23:26,0.00006128,0.00006086,0.00000043,50,Trade,N/A
USDT,0.00000074,2023-04-06 05:30,2023-05-25 23:26,0.00006128,0.00006086,0.00000043,49,Trade,N/A
USDT,0.00000074,2023-04-07 05:30,2023-05-25 23:26,0.00006128,0.00006086,0.00000043,48,Trade,N/A
USDT,0.00000074,2023-04-08 05:30,2023-05-25 23:26,0.00006128,0.00006086,0.00000043,47,Trade,N/A
USDT,0.00000074,2023-04-09 05:30,2023-05-25 23:26,0.00006128,0.00006086,0.00000043,46,Trade,N/A
USDT,0.00000074,2023-04-10 05:30,2023-05-25 23:26,0.00006128,0.00006086,0.00000043,45,Trade,N/A
USDT,0.00000074,2023-04-11 05:30,2023-05-25 23:26,0.00006128,0.00006086,0.00000043,44,Trade,N/A
USDT,0.00000074,2023-04-12 05:30,2023-05-25 23:26,0.00006128,0.00006086,0.00000043,43,Trade,N/A
USDT,0.00000074,2023-04-13 05:30,2023-05-25 23:26,0.00006128,0.00006086,0.00000043,42,Trade,N/A
USDT,0.00000074,2023-04-14 05:30,2023-05-25 23:26,0.00006128,0.00006086,0.00000043,41,Trade,N/A
USDT,0.00000074,2023-04-15 05:30,2023-05-25 23:26,0.00006128,0.00006086,0.00000043,40,Trade,N/A
USDT,0.00000074,2023-04-16 05:30,2023-05-25 23:26,0.00006128,0.00006086,0.00000043,39,Trade,N/A
USDT,0.00000074,2023-04-17 05:30,2023-05-25 23:26,0.00006128,0.00006086,0.00000043,38,Trade,N/A
USDT,0.00000074,2023-04-18 05:30,2023-05-25 23:26,0.00006128,0.00006086,0.00000043,37,Trade,N/A
USDT,0.00000074,2023-04-19 05:30,2023-05-25 23:26,0.00006128,0.00006086,0.00000043,36,Trade,N/A
USDT,0.00000074,2023-04-20 05:30,2023-05-25 23:26,0.00006128,0.00006086,0.00000043,35,Trade,N/A
USDT,0.00000074,2023-04-21 05:30,2023-05-25 23:26,0.00006128,0.00006086,0.00000043,34,Trade,N/A
USDT,0.00000074,2023-04-22 05:30,2023-05-25 23:26,0.00006128,0.00006086,0.00000043,33,Trade,N/A
USDT,0.00000074,2023-04-23 05:30,2023-05-25 23:26,0.00006128,0.00006086,0.00000043,32,Trade,N/A
USDT,0.00000074,2023-04-24 05:30,2023-05-25 23:26,0.00006128,0.00006086,0.00000043,31,Trade,N/A
USDT,0.00000074,2023-04-25 05:30,2023-05-25 23:26,0.00006128,0.00006086,0.00000043,30,Trade,N/A
USDT,0.00000074,2023-04-26 05:30,2023-05-25 23:26,0.00006128,0.00006086,0.00000043,29,Trade,N/A
USDT,0.00000074,2023-04-27 05:30,2023-05-25 23:26,0.00006128,0.00006086,0.00000043,28,Trade,N/A
USDT,0.00000074,2023-04-28 05:30,2023-05-25 23:26,0.00006128,0.00006086,0.00000043,27,Trade,N/A
USDT,0.00000074,2023-04-29 05:30,2023-05-25 23:26,0.00006128,0.00006086,0.00000043,26,Trade,N/A
USDT,0.00000074,2023-04-30 05:30,2023-05-25 23:26,0.00006128,0.00006086,0.00000043,25,Trade,N/A
USDT,0.00000074,2023-05-01 05:30,2023-05-25 23:26,0.00006128,0.00006086,0.00000043,24,Trade,N/A
USDT,0.00000074,2023-05-02 05:30,2023-05-25 23:26,0.00006128,0.00006086,0.00000043,23,Trade,N/A
USDT,0.00000074,2023-05-03 05:30,2023-05-25 23:26,0.00006128,0.00006086,0.00000043,22,Trade,N/A
USDT,0.00000074,2023-05-04 05:30,2023-05-25 23:26,0.00006128,0.00006086,0.00000043,21,Trade,N/A
USDT,0.00000074,2023-05-05 05:30,2023-05-25 23:26,0.00006128,0.00006086,0.00000043,20,Trade,N/A
USDT,0.00000074,2023-05-06 05:30,2023-05-25 23:26,0.00006128,0.00006086,0.00000043,19,Trade,N/A
USDT,0.00000074,2023-05-07 05:30,2023-05-25 23:26,0.00006128,0.00006086,0.00000043,18,Trade,N/A
USDT,0.00000074,2023-05-08 05:30,2023-05-25 23:26,0.00006128,0.00006086,0.00000043,17,Trade,N/A
USDT,0.00000074,2023-05-09 05:30,2023-05-25 23:26,0.00006128,0.00006086,0.00000043,16,Trade,N/A
USDT,0.00000074,2023-05-10 05:30,2023-05-25 23:26,0.00006128,0.00006086,0.00000043,15,Trade,N/A
USDT,0.00000074,2023-05-11 05:30,2023-05-25 23:26,0.00006128,0.00006086,0.00000043,14,Trade,N/A
USDT,0.00000074,2023-05-12 05:30,2023-05-25 23:26,0.00006128,0.00006086,0.00000043,13,Trade,N/A
USDT,0.00000074,2023-05-13 05:30,2023-05-25 23:26,0.00006128,0.00006086,0.00000043,12,Trade,N/A
USDT,0.00000074,2023-05-14 05:30,2023-05-25 23:26,0.00006128,0.00006086,0.00000043,11,Trade,N/A
USDT,0.00000074,2023-05-15 05:30,2023-05-25 23:26,0.00006128,0.00006086,0.00000043,10,Trade,N/A
USDT,0.00000074,2023-05-16 05:30,2023-05-25 23:26,0.00006128,0.00006086,0.00000043,9,Trade,N/A
USDT,0.00000074,2023-05-17 05:30,2023-05-25 23:26,0.00006128,0.00006086,0.00000043,8,Trade,N/A
USDT,0.00000074,2023-05-18 05:30,2023-05-25 23:26,0.00006128,0.00006086,0.00000043,7,Trade,N/A
USDT,0.00000074,2023-05-20 05:30,2023-05-25 23:26,0.00006128,0.00006086,0.00000043,5,Trade,N/A
USDT,0.00000074,2023-05-21 05:30,2023-05-25 23:26,0.00006128,0.00006086,0.00000043,4,Trade,N/A
USDT,0.00000074,2023-05-22 05:30,2023-05-25 23:26,0.00006128,0.00006086,0.00000043,3,Trade,N/A
USDT,0.00000074,2023-05-23 05:30,2023-05-25 23:26,0.00006128,0.00006086,0.00000043,2,Trade,N/A
USDT,0.00000074,2023-05-24 05:30,2023-05-25 23:26,0.00006128,0.00006086,0.00000043,1,Trade,N/A
USDT,13.96442593,2023-05-25 23:15,2023-05-25 23:26,1156.42296963,1148.39678548,8.02618415,0,Trade,N/A
MOB,11.03,2022-11-27 18:36,2023-05-25 23:29,635.61114896,657.00681953,-21.39567057,179,Trade,N/A
MOB,529.26266235,2023-05-25 23:21,2023-05-25 23:29,30499.11594921,31525.76414213,-1026.64819292,0,Trade,N/A
MOB,28.31608602,2023-05-25 23:26,2023-05-25 23:29,1631.73345143,1686.66016479,-54.92671335,0,Trade,N/A
UTK,3935.3189298,2023-05-25 23:29,2023-05-25 23:33,31605.19126099,31605.19126099,0,0,Trade,N/A
TVK,10138.68253918,2023-05-25 23:33,2023-05-25 23:37,32318.33725301,32318.33725301,0,0,Trade,N/A
PIVX,1423.32025474,2023-05-25 23:37,2023-05-29 09:27,33808.88057378,30516.70791392,3292.17265986,3,Trade,N/A
USDT,13.72687407,2023-05-25 23:15,2023-05-29 09:51,1221.69179223,1135.88813527,85.80365696,3,Sell,N/A
USDT,391.24312593,2023-05-29 09:27,2023-05-29 09:51,34820.63820777,32375.06386981,2445.57433796,0,Sell,N/A
