ID,Date,Type,Label,Sent Amount,Sent Currency,Sent Address,Received Amount,Received Currency,Fee Amount,Fee Currency,Comment
a7065b4f6a08172e651a5b31870d4869,2023-04-01 05:30,Receive,Reward,0,,"",0.00000063,BNB,0,,""
bdda65b531c68f8fd3fd209a0709d4cd,2023-04-01 05:30,Receive,Reward,0,,"",0.00000074,USDT,0,,""
41d1cce62553acda332262be8ac0c108,2023-04-02 05:30,Receive,Reward,0,,"",0.00000063,BNB,0,,""
ead59d13313db8d6151be3915e539203,2023-04-02 05:30,Receive,Reward,0,,"",0.00000074,USDT,0,,""
2582273a9a5b04262151d5c96cd96ba8,2023-04-03 05:30,Receive,Reward,0,,"",0.00000063,BNB,0,,""
d10c123bc0566d2867f71375641ea024,2023-04-03 05:30,Receive,Reward,0,,"",0.00000074,USDT,0,,""
0bdcd8cc8386a5c1a4c14ad240d62eb9,2023-04-04 05:30,Receive,Reward,0,,"",0.00000063,BNB,0,,""
4a7f8bc030e07aaa62d7c7855ba434ad,2023-04-04 05:30,Receive,Reward,0,,"",0.00000074,USDT,0,,""
0ff39965c770f5784eeef788e6ce3aa2,2023-04-05 05:30,Receive,Reward,0,,"",0.00000074,USDT,0,,""
783575bfb4d026a4e25935a6bb8a88a6,2023-04-05 05:30,Receive,Reward,0,,"",0.00000063,BNB,0,,""
30fb2c31526bafd21da708d641fcfb48,2023-04-06 05:30,Receive,Reward,0,,"",0.00000074,USDT,0,,""
6c99dff765882283e812c1e532fc0652,2023-04-06 05:30,Receive,Reward,0,,"",0.00000063,BNB,0,,""
8fa3b3795991fe122eea3e9ab6b87fea,2023-04-07 05:30,Receive,Reward,0,,"",0.00000063,BNB,0,,""
d498d9f0e3981c962e6c01b2a070f0c8,2023-04-07 05:30,Receive,Reward,0,,"",0.00000074,USDT,0,,""
091d33fefbd6c4c9bb43e7df8b8cd060,2023-04-08 05:30,Receive,Reward,0,,"",0.00000063,BNB,0,,""
6b3da8547a0e33279a35a6a1ab9fe747,2023-04-08 05:30,Receive,Reward,0,,"",0.00000074,USDT,0,,""
f95e1af274883bfda19e6272e6448fc1,2023-04-09 05:30,Receive,Reward,0,,"",0.00000074,USDT,0,,""
4f6717a488171f15f8f987d287e42796,2023-04-09 05:30,Receive,Reward,0,,"",0.00000063,BNB,0,,""
c0b8609ec581d8fd97c4eb46c68a62d6,2023-04-10 05:30,Receive,Reward,0,,"",0.00000074,USDT,0,,""
35f17b16aa3281c1993dbdf797089db7,2023-04-10 05:30,Receive,Reward,0,,"",0.00000063,BNB,0,,""
0758a45f2aa82120f08e1066aacc4f96,2023-04-11 05:30,Receive,Reward,0,,"",0.00000074,USDT,0,,""
0fcb2cb9e98bc6fa7731ef799dd57775,2023-04-11 05:30,Receive,Reward,0,,"",0.00000063,BNB,0,,""
89604135d7146cac0c2dbf101e8837ec,2023-04-12 05:30,Receive,Reward,0,,"",0.00000063,BNB,0,,""
4aa6bf15af8446a95552f7a8606e9c1d,2023-04-12 05:30,Receive,Reward,0,,"",0.00000074,USDT,0,,""
45d7d806937c046f297d6e0e4fee563d,2023-04-13 05:30,Receive,Reward,0,,"",0.00000063,BNB,0,,""
26aca9bf94e987ddcc11d9800288637d,2023-04-13 05:30,Receive,Reward,0,,"",0.00000074,USDT,0,,""
5f2d38bc23185f7d3f9e7b5097d89028,2023-04-14 05:30,Receive,Reward,0,,"",0.00000074,USDT,0,,""
b5a0fd0ca64fa6ee6794832828fc2b35,2023-04-14 05:30,Receive,Reward,0,,"",0.00000063,BNB,0,,""
f2cd69426c1a188ecfb4dcf1f788012f,2023-04-15 05:30,Receive,Reward,0,,"",0.00000063,BNB,0,,""
512ea54c3d0f50d377036c68f9902f76,2023-04-15 05:30,Receive,Reward,0,,"",0.00000074,USDT,0,,""
1fdc6d1a3037c6b3d0329a168a477432,2023-04-16 05:30,Receive,Reward,0,,"",0.00000074,USDT,0,,""
3d675803f4f9046a01b63c5c0bd0276d,2023-04-16 05:30,Receive,Reward,0,,"",0.00000063,BNB,0,,""
7e1c735aebf57720f6419005c5d48380,2023-04-17 05:30,Receive,Reward,0,,"",0.00000074,USDT,0,,""
f3885deb962fd59ce93e6865750e2800,2023-04-17 05:30,Receive,Reward,0,,"",0.00000063,BNB,0,,""
27cfc13be42bef307acce68a135b43a7,2023-04-18 05:30,Receive,Reward,0,,"",0.00000074,USDT,0,,""
9cf76fa7865f67119a614c75613f1354,2023-04-18 05:30,Receive,Reward,0,,"",0.00000063,BNB,0,,""
45b124f982e4974fae274d486c24c808,2023-04-19 05:30,Receive,Reward,0,,"",0.00000063,BNB,0,,""
97c3ae1f589e4a565600c082c994ca49,2023-04-19 05:30,Receive,Reward,0,,"",0.00000074,USDT,0,,""
369d750f52be5eb3ca011789cdac2e7d,2023-04-20 05:30,Receive,Reward,0,,"",0.00000074,USDT,0,,""
18d975d4b768170f1b7bfc0a2b886870,2023-04-20 05:30,Receive,Reward,0,,"",0.00000063,BNB,0,,""
8a2b7bdf98ba692c35519790e573606c,2023-04-21 05:30,Receive,Reward,0,,"",0.00000074,USDT,0,,""
5c31100cccffa645eb549a0874fa4253,2023-04-21 05:30,Receive,Reward,0,,"",0.00000063,BNB,0,,""
448b761b34f3751830593e56b617b2d4,2023-04-22 05:30,Receive,Reward,0,,"",0.00000074,USDT,0,,""
4898e1711a913c591f646bf55f7a5cda,2023-04-22 05:30,Receive,Reward,0,,"",0.00000063,BNB,0,,""
38137102b53400ae8868a9bdb2ca6e58,2023-04-23 05:30,Receive,Reward,0,,"",0.00000074,USDT,0,,""
c5f68b7fecdad169d5b8aef6aebe3982,2023-04-23 05:30,Receive,Reward,0,,"",0.00000063,BNB,0,,""
0c5c77725b76baa02497219f53693e20,2023-04-24 05:30,Receive,Reward,0,,"",0.00000074,USDT,0,,""
8b1c0ad12178abc608ea170f00905fd7,2023-04-24 05:30,Receive,Reward,0,,"",0.00000063,BNB,0,,""
4f56766af18cfb100ef28dc0a616bde2,2023-04-25 05:30,Receive,Reward,0,,"",0.00000074,USDT,0,,""
fec437e0ea8852463188eb1ef226d101,2023-04-25 05:30,Receive,Reward,0,,"",0.00000063,BNB,0,,""
40757231066fc956efa61e6527a77a1f,2023-04-26 05:30,Receive,Reward,0,,"",0.00000074,USDT,0,,""
709b30b4652427c6f1f2e54de20859ba,2023-04-26 05:30,Receive,Reward,0,,"",0.00000063,BNB,0,,""
690afce12a0a4f4da44f0408de92e699,2023-04-27 05:30,Receive,Reward,0,,"",0.00000063,BNB,0,,""
0d92be89fd37a31d53b0e7a43e190839,2023-04-27 05:30,Receive,Reward,0,,"",0.00000074,USDT,0,,""
6ece55e365d8611260a0f60eaf9d021b,2023-04-28 05:30,Receive,Reward,0,,"",0.00000063,BNB,0,,""
41ca5e3b4c40aaa63d3babcc2c228ea5,2023-04-28 05:30,Receive,Reward,0,,"",0.00000074,USDT,0,,""
fa975b78b6a5dfdf95b39fc744bf3797,2023-04-29 05:30,Receive,Reward,0,,"",0.00000063,BNB,0,,""
bbeefc45c174b3274fdd05758f95cb12,2023-04-29 05:30,Receive,Reward,0,,"",0.00000074,USDT,0,,""
5ea5952901c86c4d59e7530d5633663c,2023-04-30 05:30,Receive,Reward,0,,"",0.00000063,BNB,0,,""
81e8ea71dd31b46c8f119eecd6049127,2023-04-30 05:30,Receive,Reward,0,,"",0.00000074,USDT,0,,""
d5b2370f073d9dff9de11d7de2d14f4b,2023-05-01 05:30,Receive,Reward,0,,"",0.00000063,BNB,0,,""
27b262103f04b322b2abe5db73a286e3,2023-05-01 05:30,Receive,Reward,0,,"",0.00000074,USDT,0,,""
04ef4fe44cd451b03a2abe143081d859,2023-05-02 05:30,Receive,Reward,0,,"",0.00000063,BNB,0,,""
0cfc4711f503a50e7e968d6428c59f45,2023-05-02 05:30,Receive,Reward,0,,"",0.00000074,USDT,0,,""
b03d31b93db3a937411fa0904c3ca24b,2023-05-03 05:30,Receive,Reward,0,,"",0.00000074,USDT,0,,""
7afe2cb9c14aefc4eb201b00ba4bf2f8,2023-05-03 05:30,Receive,Reward,0,,"",0.00000063,BNB,0,,""
197e71795b7beff64ae4508500b5254c,2023-05-04 05:30,Receive,Reward,0,,"",0.00000074,USDT,0,,""
ac89d45c4c3a448bb09c33b4dc45d6c8,2023-05-04 05:30,Receive,Reward,0,,"",0.00000063,BNB,0,,""
092194e924ae1ed2a1b44995c6915296,2023-05-05 05:30,Receive,Reward,0,,"",0.00000074,USDT,0,,""
e60c3f89559937625cbf7c9b17ea1901,2023-05-05 05:30,Receive,Reward,0,,"",0.00000063,BNB,0,,""
897be87f897fe133a6b9ebd6bd017f54,2023-05-06 05:30,Receive,Reward,0,,"",0.00000063,BNB,0,,""
848c4253e55b60804ab02f3acc64ce89,2023-05-06 05:30,Receive,Reward,0,,"",0.00000074,USDT,0,,""
039bea9b6085f2eb051a6e460271bac6,2023-05-07 05:30,Receive,Reward,0,,"",0.00000063,BNB,0,,""
cb283af6de7af9712098fe0efe8c9d07,2023-05-07 05:30,Receive,Reward,0,,"",0.00000074,USDT,0,,""
c7d28e5484530e0aae31c68926533f67,2023-05-08 05:30,Receive,Reward,0,,"",0.00000063,BNB,0,,""
e688498377b0cfa4e82ed4e08dcccfaf,2023-05-08 05:30,Receive,Reward,0,,"",0.00000074,USDT,0,,""
fb4aa130895a3871c1fa0325a96566bc,2023-05-09 05:30,Receive,Reward,0,,"",0.00000063,BNB,0,,""
fb4bbd6516c0a6914fc26dd588833a75,2023-05-09 05:30,Receive,Reward,0,,"",0.00000074,USDT,0,,""
91b7d66d3eeab074becd2b1c5373c40b,2023-05-10 05:30,Receive,Reward,0,,"",0.00000063,BNB,0,,""
26c2184e01e74928c124705c0ad7a891,2023-05-10 05:30,Receive,Reward,0,,"",0.00000074,USDT,0,,""
8ec75a525a9650e4a128ce124e8f550d,2023-05-11 05:30,Receive,Reward,0,,"",0.00000074,USDT,0,,""
6ed3d55321bb3d286ba7e57743231adc,2023-05-11 05:30,Receive,Reward,0,,"",0.00000063,BNB,0,,""
53dc804bfb6f9b14bb2c875bf302bc30,2023-05-12 05:30,Receive,Reward,0,,"",0.00000063,BNB,0,,""
40910553504834db0a88aa7ddf9655f0,2023-05-12 05:30,Receive,Reward,0,,"",0.00000074,USDT,0,,""
abca10626a371387053784ff43cb65cb,2023-05-13 05:30,Receive,Reward,0,,"",0.00000074,USDT,0,,""
03351d275437236f4b9c3024e3c6bfd7,2023-05-13 05:30,Receive,Reward,0,,"",0.00000063,BNB,0,,""
d0dc4c96d84a1a65da02a04b9fed3e31,2023-05-14 05:30,Receive,Reward,0,,"",0.00000063,BNB,0,,""
8358cfc66bd4accaa90c81802bb2f69f,2023-05-14 05:30,Receive,Reward,0,,"",0.00000074,USDT,0,,""
112fa79ea2d19e508bd680fc34618cdc,2023-05-15 05:30,Receive,Reward,0,,"",0.00000074,USDT,0,,""
76a9e04d7d4e204ab457635f595b5ddf,2023-05-15 05:30,Receive,Reward,0,,"",0.00000063,BNB,0,,""
354e64a2e833bae6ca8e7c5c20cfd24f,2023-05-16 05:30,Receive,Reward,0,,"",0.00000063,BNB,0,,""
b8d560ed7c7684a56b088c2aa563a3ee,2023-05-16 05:30,Receive,Reward,0,,"",0.00000074,USDT,0,,""
e9f9e248e6102341c896ca4b245b0656,2023-05-17 05:30,Receive,Reward,0,,"",0.00000063,BNB,0,,""
e6be80907fc69c2eb15eb67c0c0b277d,2023-05-17 05:30,Receive,Reward,0,,"",0.00000074,USDT,0,,""
570dc27677776efc85e2bc93b9d4e539,2023-05-18 05:30,Receive,Reward,0,,"",0.00000063,BNB,0,,""
f8e96ee4d302523db122bde5be13d58f,2023-05-18 05:30,Receive,Reward,0,,"",0.00000074,USDT,0,,""
4b6bd213fe6a0fd7d3915a07074567b6,2023-05-20 05:30,Receive,Reward,0,,"",0.00000063,BNB,0,,""
f07dfe6796dca0f43ec797a7243eaefc,2023-05-20 05:30,Receive,Reward,0,,"",0.00000074,USDT,0,,""
3cfef8b3fa15f4f96c268b3f533afcef,2023-05-21 05:30,Receive,Reward,0,,"",0.00000063,BNB,0,,""
499f381cf22af58697aeb1e7afc7ab1f,2023-05-21 05:30,Receive,Reward,0,,"",0.00000074,USDT,0,,""
19ba4231cf0bb49cbae787284e766691,2023-05-22 05:30,Receive,Reward,0,,"",0.00000074,USDT,0,,""
2121db592230cb56cfd1d1e9ddfe4274,2023-05-22 05:30,Receive,Reward,0,,"",0.00000087,BNB,0,,""
4a664c3b916b47717a8f351018a28d78,2023-05-23 05:30,Receive,Reward,0,,"",0.00000074,USDT,0,,""
ef570ecb37104cd0a5c64d3ee1ea3c03,2023-05-23 05:30,Receive,Reward,0,,"",0.00000087,BNB,0,,""
e126a2e403285a8ffeeed80dce773413,2023-05-24 05:30,Receive,Reward,0,,"",0.00000074,USDT,0,,""
0d78a9b777814536a370e5eafa5615f6,2023-05-24 05:30,Receive,Reward,0,,"",0.00000087,BNB,0,,""
336a27b0cbe63280c805d02a13089116,2023-05-25 23:15,Trade,N/A,0.091,BNB,"",27.6913,USDT,0.00006824,BNB,""
19f8aced29bae0a1c426cf7b4c7fde68,2023-05-25 23:21,Trade,N/A,872.63867199,XRP,"",529.26266235,MOB,0,,""
090393099f85bbdd5bfdadd067131b0e,2023-05-25 23:26,Trade,N/A,27.70950594,USDT,"",39.34608602,MOB,0,,""
8f83457b5cebff4c67dcd65a26a64547,2023-05-25 23:29,Trade,N/A,568.60874837,MOB,"",3935.3189298,UTK,0,,""
49da61eb707904c84d914f12e3c609fa,2023-05-25 23:33,Trade,N/A,3935.3189298,UTK,"",10138.68253918,TVK,0,,""
cc1f46770e8f7b0c2172cba34755d5e0,2023-05-25 23:37,Trade,N/A,10138.68253918,TVK,"",1423.32025474,PIVX,0,,""
d54fbc02e1205dd3dbb8a1c7fcc08e25,2023-05-29 09:27,Trade,N/A,1423.32025474,PIVX,"",404.97118846,USDT,0,,""
e47fd79e306b35d23ebb16d67f8fc683,2023-05-29 09:51,Sell,N/A,404.97,USDT,"",36042.33,INR,0,,""
